ArtistId,TotalStreams,UniqueListeners,RevenueEarned
39,704818,26162,19835.5
930,384591,5955,14752.16
887,941300,2557,3999.0
1795,201217,32922,14372.24
1398,475552,55469,12737.84
1603,95776,67965,9413.62
940,420329,90702,7292.84
362,165095,72709,8484.54
902,194890,40886,3555.68
477,353675,42340,6544.76
1392,848244,12531,8422.26
1690,148302,49446,6794.75
1964,8014,8743,16830.19
1167,531021,11715,17187.53
832,666784,30900,16284.33
902,733987,98250,3495.71
1408,951443,97393,6079.29
353,951048,36816,4757.36
299,661611,35520,14015.27
136,346806,40143,8798.99
473,232802,22807,18058.46
1704,224047,98938,6388.11
1000,132815,67465,4362.89
1537,305956,72922,8137.28
122,857072,61522,18715.87
291,862459,15544,10609.07
650,437042,88220,10141.03
318,828067,51546,16212.67
1816,351807,50912,8951.75
49,946047,29084,6903.96
1829,296551,97182,11533.95
1369,453482,62967,15680.59
1122,758343,96447,14800.44
753,374282,86090,8926.67
1139,524104,84148,15483.18
158,50385,29392,2462.44
1274,547075,71820,16413.62
519,854399,90550,9004.97
1995,550878,5431,16061.98
1456,919751,46956,17643.54
882,40350,87860,18218.47
479,307175,68288,16326.16
1294,14190,93401,18958.49
205,976346,60016,11784.03
1202,283988,17520,13452.98
547,298339,10752,8635.63
1167,954230,59513,8668.7
1266,101421,55472,4569.47
592,993656,39607,8806.23
1686,655952,86378,6783.26
797,371991,40167,12719.63
1628,329805,60324,11466.9
1600,353241,82379,10281.66
1228,291378,72107,14074.81
1153,520940,73827,6850.41
303,962325,7413,17442.74
249,2359,69862,8318.33
1799,280379,61298,18602.06
1088,143419,19577,9249.4
134,40423,87066,17690.69
743,759625,16230,9073.11
1610,169747,61868,16469.91
905,69174,74543,8411.43
103,281163,21196,18100.71
133,280226,51692,4338.85
843,260003,11483,14594.62
1445,61982,13992,4081.64
1686,401512,10173,5669.28
1393,644509,120,2596.62
665,955387,37208,12290.88
669,387398,51925,2843.92
393,345858,20258,11935.56
481,841915,37238,19878.44
391,593223,76072,5057.34
633,78325,39172,15465.53
985,236867,51688,17097.28
1887,57340,76209,1202.73
1515,630413,7716,8017.25
1030,796068,26740,14751.7
1037,755502,14158,5353.35
1059,934540,88769,17222.2
1269,376412,27879,17165.92
1390,933402,82254,12059.24
700,347322,11136,2323.4
776,237303,16128,19933.81
777,222170,38815,13887.44
1438,344999,86935,2067.48
836,852980,63733,13026.6
665,791709,35230,5874.92
379,994742,34795,12716.38
169,432561,36376,10853.91
1189,990830,61262,12493.98
1187,206240,18463,4308.82
1683,266897,84256,16813.32
1615,82882,92247,9015.18
1655,224792,57930,14580.02
864,102798,25917,18633.44
685,802929,69562,3041.39
1357,6972,74109,13212.68
1419,694414,54198,9925.83
1492,787944,53689,2587.73
1943,769764,97267,3445.03
232,248627,69400,5867.97
378,334728,18009,2249.4
17,172443,6467,14483.95
1935,738086,67785,11374.76
1338,677886,70848,5888.62
1899,433463,33429,13783.48
344,311755,45998,14169.51
1441,687508,48206,13782.92
909,569021,89546,4151.55
461,137608,29109,4558.31
1114,83435,27747,3798.88
607,671690,13795,12612.03
365,502284,55126,11378.71
1877,102973,71307,13355.01
748,389888,88660,7912.65
1391,376824,11769,2058.73
436,250230,92372,12066.96
54,145362,83476,15230.12
1525,751942,57783,14561.27
126,512696,18384,11471.43
652,808305,6974,6317.33
292,309829,16638,15968.08
1936,248799,26464,2471.95
1206,241531,6512,18372.73
1422,306358,35972,7294.87
1584,99296,54324,2712.44
247,121021,76323,4567.82
1169,765450,96087,19269.25
1320,333345,28701,3605.14
1900,143431,30146,7977.4
1905,31372,16558,8431.67
1018,365991,91767,11425.33
333,846080,90320,10716.35
1797,837497,87325,1389.12
759,359545,74120,6276.07
1945,981395,44597,3897.25
1751,892416,9066,8797.64
1920,947338,74130,12320.07
1497,684058,94146,17444.37
1581,556466,7193,19549.07
991,413090,30247,5961.18
760,176353,62226,19486.86
1455,283814,97493,9529.7
688,749307,18417,12125.98
1167,674906,62595,17366.84
1068,515180,44734,5461.16
125,876920,8041,4087.25
1560,193569,92181,15555.24
1585,481992,55111,9359.47
472,745776,20659,15454.5
776,109265,34524,7079.36
1237,406120,62304,2462.43
146,75564,94743,5909.25
308,706564,51092,10801.62
731,475256,54004,17135.46
233,8454,4539,5361.39
1065,508053,91801,8816.59
1521,60940,23387,19997.87
951,990937,9687,4479.88
391,869923,93108,9139.73
321,31105,57957,13706.5
695,881286,77472,10355.4
1377,169422,9539,9826.82
1670,841649,14409,4844.22
1209,928057,28138,9242.12
424,162944,55121,908.52
1843,988226,91953,16614.84
824,306224,24384,6496.36
1785,477609,74029,19767.78
1063,598412,19087,5561.21
1642,993324,59682,10718.48
650,172612,17559,6335.81
471,146746,10036,634.47
1225,917602,44613,3874.51
217,841671,12551,10967.12
1485,98163,52062,16893.44
691,156336,96183,12025.34
639,508288,38360,1268.2
608,80610,47492,10912.3
440,947201,38098,7545.74
845,844968,24973,11164.93
469,529462,92007,12195.09
33,957354,64389,4596.19
1877,207050,53319,18853.6
1732,974189,88692,6604.16
1380,591228,39988,8024.93
587,560656,6008,19033.75
87,178712,17640,10606.38
863,483675,37681,9229.37
367,453394,20957,10843.35
1245,65817,66815,10913.14
824,689576,22310,6269.16
1968,64594,51867,667.31
718,787980,62975,13234.78
568,368239,61403,8988.96
1959,11323,92657,3896.49
392,120141,74796,14993.51
1039,547495,10152,12639.75
938,633914,22796,11516.78
1062,910983,36484,18756.77
1313,654829,47802,18547.32
1048,813248,84336,9271.66
335,201382,4587,2046.58
1191,556289,98953,16255.8
1165,735612,28716,18995.48
779,280939,15294,10722.47
726,477776,47146,14216.19
1739,780679,960,10966.39
1209,895139,24927,10273.59
1259,90893,37444,2066.54
308,808616,90003,18178.26
65,769977,48106,13816.35
1772,981561,92104,8361.65
1072,738135,32768,13611.83
404,531198,8904,1992.17
437,392032,90953,4139.2
593,824078,83542,12418.34
106,132929,36847,8709.71
428,396740,36843,1183.99
17,373161,7265,17762.89
38,205835,61938,17240.1
1752,129213,74231,17174.64
970,914810,24512,16064.95
1914,863669,17536,2218.41
336,174602,11244,9352.92
1103,645405,98332,17672.53
1032,396980,40939,15183.37
791,871065,63509,16320.58
107,943575,75584,15135.57
450,159526,50226,9697.48
163,437323,66406,18323.66
1639,136330,82164,1063.45
1987,639701,86576,14845.8
494,944528,3637,13670.07
1063,82578,11236,4077.47
1271,684712,65539,8874.72
1191,124768,21614,17961.75
627,683984,20707,11204.9
1212,324469,95077,10797.36
807,494570,48242,13063.71
850,149517,22254,13252.3
1220,183295,38221,3236.56
826,145893,7924,9338.49
304,346659,11665,1478.32
638,307474,571,1232.01
1111,639618,68076,19078.25
1214,771185,14186,7158.29
839,333015,78754,10282.41
1701,119533,13621,15194.51
1469,843461,65297,7442.16
294,295373,92476,10059.5
1247,51745,25092,12391.95
1831,271352,12341,12917.95
1903,6818,53019,3295.39
185,556025,88296,10008.65
1329,964827,69315,10689.1
1571,458168,7741,2429.53
117,344706,92872,17528.04
1215,677535,36747,4303.96
2,728900,69282,13947.43
60,693992,65336,5856.88
385,265065,81940,7348.7
1746,326171,18045,10175.91
411,581898,58739,5866.05
1976,460131,2504,15689.58
1869,906566,88698,16645.97
1222,558273,83110,19632.03
1971,757585,75361,4180.14
1897,485406,93702,8426.9
1327,46246,43378,4027.97
251,966576,64840,5454.84
1055,497132,23683,15374.12
579,550820,62842,4845.9
874,797515,72209,7022.94
571,589110,64750,951.99
214,201486,74889,3860.94
619,313120,32913,8890.4
1860,634379,3892,18257.16
471,246651,51582,3523.41
1657,746621,17788,7923.13
1194,681594,41680,15405.27
1532,923797,12984,10251.37
1205,498403,82474,3842.63
410,172184,28053,8258.91
230,62584,79489,6549.36
1181,276627,57373,15585.32
118,977642,53329,3439.01
10,74160,57120,17889.28
150,469733,18939,18895.46
127,298726,64251,7731.24
1924,937304,24061,7083.19
1584,372521,86835,12968.78
924,411579,54939,1434.64
1863,366562,40259,18217.15
99,196731,57785,4711.16
578,730598,17497,8677.99
215,704035,9800,14050.5
1674,141088,29263,3987.7
1683,499893,28522,9987.52
829,344901,36984,3125.7
1458,492057,9258,9191.44
1713,155458,64258,11624.76
1480,587144,72935,14678.44
1899,780429,55626,10023.62
1739,553231,26427,16404.92
941,661199,61412,16400.59
295,401756,59779,18065.74
962,403562,28980,6823.8
1201,369773,79898,2504.45
1264,308064,2708,1152.6
456,392875,12597,10673.05
268,343824,42781,9209.65
1681,569371,84450,10596.83
1970,665953,33815,2294.42
1433,868325,72719,9586.98
1029,51022,96050,6338.94
717,146602,19007,4230.53
233,27479,25097,12541.37
914,305602,61978,6434.5
1752,356474,18904,10998.82
836,85286,55002,10515.03
1239,323892,74291,10653.75
1160,134994,34610,895.97
1316,24845,68842,13572.06
1312,519176,57821,4129.37
1732,645589,75698,18868.09
273,816414,51306,6230.84
1573,709756,30981,4858.59
1219,604526,75945,11610.58
521,630311,80569,17347.93
912,612663,55634,6601.39
1010,421165,92002,19575.29
768,806701,76562,15982.87
1131,406536,43961,11727.53
326,399536,31551,4432.01
1832,439760,76785,19181.51
68,432627,67502,9870.7
1684,103192,76781,3060.87
952,623319,23763,12229.87
540,929124,50485,6249.12
1484,166011,67855,4574.53
591,571185,28694,16011.9
548,468869,492,4707.82
915,565970,72646,507.34
233,385894,54639,9017.09
639,288081,27448,10757.41
1364,338216,19390,6987.46
1804,840737,24338,11716.01
805,267425,14861,17372.37
1655,24271,13383,16164.33
1063,249302,19732,11751.69
717,104583,12918,7684.83
1074,332697,11004,6318.42
1117,417043,6881,19699.32
1012,91919,43858,4524.88
1726,890091,27679,17437.85
797,327681,39746,6809.57
1390,184206,86028,11319.25
1815,550665,57385,10876.58
1921,91414,4438,14622.19
1491,277201,37159,15543.52
1512,484635,23165,12106.29
950,280297,36395,14254.82
1082,96444,55127,11570.14
802,685267,49739,2882.87
794,516715,96045,9251.87
1326,589810,61194,19725.66
1504,682762,33635,12644.69
1982,253617,11215,10689.82
1860,329948,75739,6202.1
656,160947,48422,1004.24
503,661248,77852,14564.1
192,283118,83172,14229.77
1755,710467,3353,12539.5
151,462891,84206,13689.31
1311,244373,51829,17941.14
1430,508417,89529,14158.63
1318,752327,22925,19916.63
653,141540,34067,8804.73
1252,643087,50819,13754.83
1440,99684,13006,19534.85
1902,955031,57022,16848.51
1206,348247,21233,7891.76
1878,125920,65708,4690.96
1301,959114,29085,9902.89
1997,788876,61888,1271.88
615,700215,14918,6041.53
978,731452,71347,17445.13
1995,283618,61485,8145.8
82,489385,19406,19137.15
114,665161,37505,4283.83
955,420069,86820,2596.89
85,944593,6136,9645.49
1333,900464,61180,1723.31
1052,401287,49449,6726.23
641,594540,57949,10625.86
756,752413,12520,7963.46
1046,588140,39043,6375.41
828,883977,83923,13461.48
413,867477,76922,10094.05
372,780555,15227,5957.72
811,143722,77284,9969.19
335,753160,59142,6497.17
1577,164659,52854,16055.72
1155,298056,71126,15485.26
20,622363,50283,12744.8
1178,313364,94250,5293.28
744,577921,30394,18921.5
846,463670,12952,16897.98
909,37594,30413,7616.92
393,352839,42050,9812.81
562,243765,83957,6575.1
926,430843,43134,4543.84
1368,259240,85361,811.24
1011,640024,42380,13180.84
1399,402280,79938,6045.65
632,411701,46734,18791.77
1430,652737,58416,19373.0
1700,632590,53342,8170.38
752,701963,47164,12853.42
1797,571895,91876,14878.39
1278,717031,94028,18905.73
343,578584,4418,15586.0
975,704377,32902,11801.84
1379,728301,59885,3431.07
710,824302,34922,1240.87
1127,550920,35814,1907.87
852,579008,26918,5592.18
230,903471,68211,13400.89
416,955077,142,16808.93
591,231354,2136,13422.01
131,930568,30841,14223.31
1779,230013,46699,3540.04
1129,132268,91802,12441.26
1293,137367,16170,13755.26
777,157342,72652,6155.48
1184,576987,43103,16400.0
1749,178010,85518,17021.5
1846,469409,88932,14506.99
249,606812,50036,4046.61
1867,703066,8642,14418.19
580,368543,98318,9901.25
1120,505558,72795,17601.96
911,152089,49420,13125.84
1162,814136,4944,6680.84
1409,419320,22245,16057.11
322,17454,47645,19954.55
251,941599,20795,19349.05
1086,270674,6052,12315.21
547,41603,47306,11036.9
81,975094,3755,13050.49
1123,813411,93534,2518.44
1324,280463,75427,17685.87
40,132496,57257,4587.25
384,930083,43183,17041.37
1869,419280,708,14953.45
1198,238797,37004,15513.11
1331,778705,96392,6445.1
907,147426,26009,3679.61
695,384929,36834,8518.09
1532,224570,81715,6305.11
254,632598,20407,14205.74
587,314963,2288,10432.49
1273,381383,29752,2127.75
531,427998,19578,6225.88
136,542121,7537,17908.67
135,200053,62221,2418.94
323,784385,83257,10239.48
1276,199619,46438,8455.88
78,60431,30350,12253.69
1340,719865,81736,15522.92
1823,320223,12721,18191.21
444,971902,62591,19099.4
1971,799451,6222,8542.15
1643,474954,83698,10087.49
443,510383,36321,10449.26
520,140156,40057,9627.12
449,895917,34695,5643.93
488,155691,60307,5347.22
1071,277059,22369,17780.65
1186,393795,55024,2617.79
513,33362,90031,13564.53
843,1963,50036,15060.36
1433,469537,76551,19370.43
693,457096,88985,11473.95
1801,835595,15626,11751.3
644,857668,19007,10175.29
1610,512982,24240,7958.9
1293,321331,8949,5854.12
1390,127227,47212,7681.41
1003,737152,20262,11340.99
1269,963936,23849,18579.65
802,461076,62124,15184.97
656,83192,3157,7239.1
171,938361,71885,13616.32
411,504102,60349,1958.45
104,792909,57721,6836.13
1423,256479,38728,17867.87
1632,208623,1944,16753.86
1740,48348,87862,3346.79
368,638646,845,5919.48
281,551371,87649,3098.59
75,700449,61634,13039.19
597,16013,24293,17193.94
1201,258443,15977,2283.65
1606,854041,13851,13319.18
669,990422,9040,5966.08
670,745156,72450,13724.58
374,932148,1043,1907.04
531,252828,64418,3569.76
1958,264693,6712,3872.94
1913,449238,92800,5604.75
1915,906417,5979,12730.95
433,627073,64378,19219.41
434,649002,52749,14845.0
1763,285705,68870,17697.14
244,527780,64272,9236.08
511,77388,39637,3669.78
454,609662,83277,18414.44
1903,635346,6513,4405.84
1758,314643,64713,7705.88
314,773174,15226,4255.07
1231,580877,25458,15750.51
514,452027,88463,8148.65
1740,908624,59996,16824.06
197,71268,89781,11658.7
432,170006,67822,6335.53
1213,988365,5031,18765.34
492,630752,51155,15967.32
1407,953248,70498,18639.11
1120,955144,12063,16650.83
891,434759,22194,11084.89
861,897182,22478,19664.03
1967,345907,83892,12578.07
1141,783896,88751,9702.8
532,439186,48771,8730.44
571,52226,27468,9560.5
1531,245933,68101,3142.8
65,567471,76360,9317.87
1161,259792,26278,2495.8
1684,986683,50578,957.8
476,982651,93961,6975.1
729,754200,98104,19301.83
1237,413122,34425,5263.09
227,207079,69395,7309.34
754,613253,15516,2546.79
1181,191372,96323,18960.67
605,854457,96002,14319.75
1675,269376,82693,6055.79
1008,33121,11496,856.13
1780,598328,42549,14902.27
860,30752,23462,1725.84
1438,93140,39950,19405.34
1835,797750,84968,15665.68
1310,351201,49109,2131.61
1213,425365,41971,18429.32
1029,398939,22698,19041.81
1839,469093,71275,5566.8
44,26910,87695,2447.46
558,700519,70332,2919.15
1380,409820,78460,3926.32
1605,911231,25369,17026.36
1303,958543,73417,7870.91
1518,195576,1556,18845.85
951,434385,31233,1522.51
772,172718,49401,19135.18
625,615457,51904,5246.93
1522,939919,19092,16931.66
607,53901,29361,9039.61
1301,760018,98379,9606.65
715,853311,43885,14854.96
813,982961,61453,5249.35
1274,695397,22293,7118.4
489,858081,66449,10480.08
580,23038,2307,17724.36
1901,22975,34475,5204.1
1544,425675,89663,10133.63
816,745143,55974,5595.25
1142,762850,85332,8325.07
1527,253209,54050,14259.97
1522,933246,28095,12301.27
1701,860341,98116,18725.7
306,130799,61043,18195.79
1176,587201,71496,16269.9
912,494800,42778,17074.26
424,161648,35009,9866.25
898,913864,96093,3083.32
610,794245,34552,15326.7
1830,819369,52013,7100.96
1312,71126,71569,4289.65
632,762801,40680,4387.31
187,653194,9057,12878.91
1906,442147,17210,13701.22
465,128734,40859,1741.05
859,86496,70139,13389.34
1587,553207,53747,12824.28
1969,259679,69805,1959.34
1937,371025,16684,2177.58
1713,741877,34904,3563.82
1458,128700,96243,9949.22
1792,828144,22403,17463.09
632,740565,65750,12047.45
1950,667620,98603,16074.63
1597,353566,82798,10857.51
1052,458167,10393,13365.7
821,489136,67078,10286.75
166,13974,4153,6618.34
1265,240673,61817,11512.53
1065,955207,33114,8996.27
1853,277734,29295,1874.51
770,409781,88220,8433.55
665,319332,13878,9155.2
565,238196,18684,2547.51
712,20088,75460,8038.11
1050,41849,30368,15899.13
626,501252,97479,10711.95
1748,740483,71408,5499.14
441,931686,70536,17902.26
1480,545474,34905,4008.24
933,222540,73466,18223.55
1395,492048,56364,3328.38
616,247297,21918,11077.7
911,477987,36207,14113.2
1934,970762,32638,10604.53
716,436912,42904,1591.68
892,725601,54995,12879.77
1873,344853,43103,1086.56
606,665916,28613,2611.12
256,146075,87800,5195.75
843,356438,54746,11011.84
1939,60098,62671,10896.79
1296,722501,70057,19000.92
445,812099,13612,13778.65
1824,703663,65375,2050.74
960,139633,29239,1754.04
1520,688099,21346,7108.59
1631,595174,50794,5171.77
1134,620385,13730,2085.78
296,51591,14030,10991.98
1467,726893,84944,7825.11
1204,695028,21412,3309.37
117,29313,61594,6708.4
1874,180957,75890,4823.3
984,444465,44285,16013.79
235,779414,93185,15334.01
97,376379,18135,8111.46
1818,270242,81585,13762.29
1104,724816,10831,10999.6
1025,46128,38444,13877.13
1236,766553,65076,16306.01
1703,893958,85973,10361.46
608,153137,12268,17363.43
1474,779231,12831,9979.44
1002,676873,24863,5077.56
1932,63345,54985,18059.89
1724,553164,12163,11699.76
1195,780057,56547,18288.38
1043,510080,69512,7749.15
542,109401,178,4552.45
464,589053,78580,10545.95
220,186559,36966,1354.36
1329,267237,46132,18646.37
1692,154925,52466,5277.18
273,599865,88009,979.57
898,498351,18676,9673.22
1778,318252,16400,11552.09
1415,534239,47195,19644.99
211,737342,88483,13425.9
507,293096,50082,2083.78
1876,610107,65994,4043.89
1384,107759,50759,17905.36
1115,475740,25994,2538.64
1428,189378,76457,3340.67
101,804353,91294,12724.27
276,236837,11190,14674.02
922,337949,12676,3992.48
1471,361562,27611,17281.81
1948,408915,79818,4016.97
1842,9461,15882,2106.34
1243,468426,51312,2468.49
1778,282281,13492,15244.1
422,85940,29239,8478.06
1392,983689,73214,3175.64
44,437450,18320,5362.21
562,225383,5468,13674.89
193,685455,50364,5438.36
1683,299994,15017,873.75
731,725313,86584,16164.27
1142,461007,43569,8526.38
1487,220390,98138,1430.25
839,817562,26525,1111.93
1482,498753,38545,12603.78
581,429992,46854,8396.81
844,490248,36078,5310.78
462,68600,84996,914.38
1756,313850,19458,14071.96
339,167159,89640,2427.18
1528,310910,58597,2004.12
1685,191883,96480,12869.27
1630,737923,42037,3823.91
1556,608601,10545,1434.66
1523,574807,58063,12246.45
1983,578346,21022,10118.15
1883,524049,7469,10945.77
372,133384,75183,1476.71
1669,499718,5592,13992.08
724,97268,92914,9963.0
550,40849,1129,7922.48
286,128011,70985,7782.24
1158,736189,28271,7776.5
1984,821893,88948,10007.88
625,435139,39656,6983.13
586,257694,74209,17031.38
1161,885155,36290,19183.22
1208,363433,76555,10538.01
1849,296335,29043,10891.5
746,217416,66072,10914.13
1546,451887,44901,17826.18
1536,82635,38268,2078.66
1505,580771,73749,933.58
1694,445059,13512,6531.0
1180,350382,28691,14032.58
903,864755,94003,14158.88
927,14351,95682,15725.93
1091,642688,1220,3631.89
1556,182295,11207,3505.45
1294,43968,24077,3731.51
285,60480,78288,11539.97
1697,688399,9908,13302.02
1488,436463,86443,11873.13
148,421680,12504,4169.13
1372,33213,38560,6895.87
1270,546129,36474,16959.37
363,142870,1062,9363.07
133,564549,39894,11557.48
1275,373164,59176,12018.43
1214,2308,33609,16209.87
569,241037,37352,1747.61
1156,535212,26240,10736.85
1459,217882,69429,2918.57
117,705420,84172,2216.91
269,811374,50457,16061.29
582,990390,50429,13201.75
1843,407174,16362,1927.63
407,410670,54440,8467.56
1331,5327,21119,11856.35
1520,651734,59907,19007.53
848,622042,41923,1871.23
1249,751459,22178,12881.22
506,790388,73548,11990.63
719,643784,29003,17183.0
873,388837,3765,6648.11
647,195346,14900,1308.61
606,752989,3365,13444.23
496,611654,49131,1615.25
1503,298441,15641,10064.28
839,276106,49706,14074.37
255,618379,1081,15687.0
746,177881,51802,2308.32
527,663285,95889,12949.62
1890,457523,95563,10163.37
1350,541469,32669,788.62
499,708103,4009,8063.75
1678,773680,90404,12443.0
273,927416,74729,8926.11
93,884397,79130,5099.63
1624,898523,76624,700.61
1371,354317,76951,5027.49
205,731595,68352,17755.51
1269,733742,61014,17312.95
655,543643,41988,10627.72
1018,296498,7029,15719.31
1423,591457,24716,10896.22
617,564676,12103,14546.52
1970,221961,70592,17426.49
1787,312588,2772,13935.96
1235,983809,93445,8932.48
619,676233,69133,6143.31
1309,849969,48960,16660.16
712,294581,62044,14502.05
31,278001,69861,1082.76
960,310178,5679,10523.75
345,944920,82541,10144.43
1054,135123,66681,16463.32
1627,833763,15844,7955.64
101,223333,37251,16397.11
1561,376865,71910,13937.69
810,953673,5536,18193.15
1355,7565,94945,11661.65
103,419238,43763,16968.94
86,953241,63702,11443.28
1358,49095,71472,15506.72
828,777519,28308,3642.0
703,928157,55659,11017.13
880,598713,97557,14324.17
246,524811,59232,19718.89
310,166940,56603,9274.73
368,652611,25121,12534.63
1821,288246,69650,1192.6
1096,1126,67294,9137.61
894,55096,5689,17708.07
673,177927,54384,2644.56
1885,66164,38793,10629.32
1617,74474,33182,11653.6
1326,887638,15948,10682.44
923,457949,55891,13992.22
540,359795,69524,17096.12
743,705301,34684,3229.28
680,502565,98893,19701.9
1259,408963,26667,4788.04
429,941264,11195,9898.68
740,745388,35954,7924.1
1654,238094,77188,7371.85
428,638621,86058,19761.1
515,482823,50571,5768.22
853,907692,59875,7389.98
1065,490407,31242,16912.43
44,159879,78522,1917.25
1228,636982,82307,15654.89
499,310653,79277,17274.45
694,966717,41442,19288.63
1459,169537,60020,1072.49
1159,327700,23847,2663.73
309,414794,54835,8912.15
1513,849597,45956,12557.86
985,796163,27438,17114.53
219,58902,75690,8276.0
1462,135348,19283,12099.78
198,638081,18757,7432.95
1277,32793,5251,4495.17
1424,423532,82175,19763.56
1880,341566,20689,621.92
1329,597719,27870,14465.9
93,514440,64692,15962.62
249,989328,35388,10201.63
1614,925913,44250,10925.56
936,428292,51147,6686.66
1546,188730,8244,4966.12
683,735294,3781,9316.07
676,614761,1554,8278.09
572,630919,86882,959.31
1310,867385,90549,10607.06
1022,745586,97059,14222.04
1566,308926,67243,19195.37
373,692810,60858,18920.62
880,34359,92936,9579.79
368,129944,80386,1265.97
1865,301046,24387,4724.03
1653,825950,2267,9553.13
1159,659738,27986,17816.03
1918,663121,18890,4292.45
30,314296,42770,18116.23
1780,648820,61737,6213.87
175,799190,16057,7744.32
1633,364289,22935,7504.07
1782,318548,98868,8923.59
1432,532581,70059,2812.33
1443,704654,66768,6157.26
1911,195584,89725,2701.28
721,337218,76652,17211.49
1491,574374,87803,18708.06
332,999570,71678,1011.31
1700,34673,30025,16317.64
969,303108,66911,10430.24
176,61697,86021,2225.49
1831,766922,21908,13755.79
800,249110,99256,13379.43
831,652777,8772,12774.94
1034,160923,78298,5223.55
1348,617754,14330,812.37
34,416349,55618,6138.58
722,651854,68544,10628.81
1268,729144,51294,15334.68
252,166575,70698,13478.41
1593,787634,57878,11880.39
1425,372619,81026,18452.73
1513,381507,55071,12569.11
1414,26252,32189,12390.59
249,670563,32342,15058.45
170,994107,90504,9876.67
148,108532,84774,2800.87
398,692042,12400,19199.89
431,366799,23557,1453.49
1187,757784,28621,10754.32
1468,11791,72096,4238.24
1627,888029,47677,12870.48
1336,649364,84894,4462.8
1746,981102,87867,17726.96
1265,996113,46416,3169.79
750,342862,23817,6618.56
1459,826388,65358,14907.86
723,904820,65989,7440.25
349,809502,91971,16120.95
1784,4989,19836,6191.03
481,346812,1703,16180.96
703,597559,26149,14747.59
437,185619,72335,7385.6
1467,187401,80886,14479.42
1100,97147,99685,10679.59
1288,11983,78218,17005.08
829,614401,50297,2533.52
1380,326392,55458,18754.19
1150,131746,16600,14805.75
430,557084,43973,11633.98
176,946059,13740,13912.57
1236,317376,50784,13514.36
288,613816,27299,9285.78
522,961707,91838,6014.06
699,318039,98954,5918.03
251,778228,99842,3049.62
1656,450498,25687,3623.06
913,196160,47204,12432.74
1512,305996,83378,7345.95
1047,278049,59209,2860.12
1206,542439,93286,7460.18
81,97435,58700,10019.07
1191,691973,22963,18836.7
1051,287350,88650,8953.74
1633,101945,69343,11728.83
1013,843489,184,8230.65
523,70766,23574,10951.83
1694,983045,77587,16823.31
789,536914,61506,15956.9
1896,989211,52102,8780.34
972,590029,68808,13491.81
754,525049,17692,1233.85
758,484421,17677,7449.59
1500,672407,95005,14065.29
157,886906,63309,2744.42
1077,265435,16139,17055.38
645,362061,17760,6803.06
1556,694366,46825,723.27
135,416211,20241,18956.35
1060,693863,80609,6134.34
66,611281,15459,9262.19
603,103560,48703,5921.94
1103,509801,80502,11355.35
562,664903,29645,12204.31
1216,946491,63882,5147.98
1381,312370,12400,8178.69
949,849375,55728,4350.17
556,807702,1040,9288.54
611,884236,12981,19092.13
621,658468,72922,18339.89
968,615680,48844,14944.24
328,123484,59197,4921.0
1502,802248,76344,13563.39
998,718743,58478,18493.4
116,787919,28740,17430.16
669,9529,50372,12281.74
1143,211169,2227,5627.99
396,174490,83087,580.2
1053,699427,10628,16901.59
1467,878809,88117,5312.48
1514,393795,4684,10838.45
596,890610,20757,5605.59
1677,663371,30323,8101.79
478,885418,51217,14792.21
1476,933287,68649,17266.05
621,86049,90500,742.88
242,950965,80266,5104.32
1532,188979,24759,8497.86
783,475170,64109,15832.74
1744,341452,3785,7625.59
1940,695118,94160,11455.21
759,32096,58495,12396.29
1972,506321,52041,12906.47
1473,50919,69091,16287.32
1070,956929,44319,4842.2
149,752239,65606,18166.76
1998,847248,42102,4174.29
94,495750,67668,13447.54
1514,803028,204,5053.88
1982,369424,62165,3342.95
639,953287,34220,1721.29
1473,387909,36439,16535.64
47,492122,54032,11292.65
1915,640982,53147,19873.52
1609,773018,81113,16464.78
1941,405343,78460,5462.12
1322,543933,22984,14518.93
1604,528304,17943,19208.2
1345,78138,64246,8458.28
1576,70423,91409,11629.78
238,872798,66584,5105.22
299,656873,9604,19030.69
36,325369,46548,3949.58
1282,983379,39579,18436.88
1360,459394,93085,10882.8
494,72135,73314,1693.25
2,546386,54289,12026.44
1218,913024,43243,4980.36
148,312422,16864,17147.08
1536,500642,13177,15789.18
1961,246795,27513,10984.5
1349,178937,92987,19348.04
1258,497950,61267,1806.98
1974,564941,46756,11764.39
802,701935,32316,17021.99
1443,815358,44947,16957.6
655,997878,42241,18039.74
18,135796,68745,2928.34
1639,366241,70910,5475.72
1034,130901,75034,5401.63
856,319769,81620,15516.44
1163,460485,49577,18891.98
1401,474473,73637,4683.42
1447,505549,30273,17173.83
939,457592,51020,16400.02
728,632051,36224,6570.52
1094,296673,29487,18401.94
1924,16742,5759,4545.01
134,393455,95924,18058.67
9,509687,16918,6715.63
406,871736,38141,1446.9
1714,904073,14312,8180.39
248,263835,18909,10480.52
1456,134314,96457,11159.22
1518,231482,41071,6201.24
1138,643549,28986,19954.93
183,887536,39851,10625.27
1455,932731,39463,7506.6
132,85567,47285,9632.92
1093,80278,44859,11117.99
1454,572680,70741,6906.1
589,10217,17486,4444.56
1430,477464,77981,19289.0
85,51138,6533,4186.49
76,605319,44461,16198.16
527,772664,35591,3522.53
1831,188139,63847,9936.7
1743,188172,57828,6823.16
18,847502,3034,6633.91
490,642393,69540,14395.09
293,217427,47551,8711.29
892,335682,89535,7817.3
323,575954,13400,2069.06
1442,254279,22970,5740.39
1346,921211,34958,14574.11
1257,531819,78641,6576.66
715,712167,86204,12319.64
106,816513,16221,4248.62
322,822391,33938,3449.3
232,611115,43212,10337.75
1937,646361,1967,929.41
1859,665529,28030,13209.31
1221,205331,32276,13551.05
708,992055,37845,17089.04
1710,358005,88944,18739.92
1731,701330,27966,12537.3
199,921658,39295,1953.44
882,324297,99355,9935.08
1273,164296,44539,3195.28
570,81424,85726,1760.8
719,606744,68876,8140.92
1400,512432,92822,14394.04
1440,951138,57977,1793.1
1464,750649,57257,9101.99
882,213617,59266,12679.41
91,644258,38681,6415.02
1855,476512,2659,3530.16
96,84892,98661,19479.5
1493,85869,49218,19727.04
89,256220,83970,11207.67
1307,542529,64828,16497.76
800,316895,79735,6286.24
1873,752191,2695,4868.09
957,739983,64910,11907.11
829,993471,20339,14218.2
1648,421365,93107,9417.52
638,851496,56035,5884.68
26,384656,75385,9013.83
441,536727,96006,11395.18
759,637029,79281,17464.32
1559,647462,66142,11281.35
1845,118007,85069,13644.62
636,277748,72352,14345.57
1103,103147,91218,14609.09
1268,275640,15357,4014.2
298,305699,94951,14946.38
262,564833,32488,16998.64
207,688258,83426,13273.68
1755,574333,21701,8910.94
247,531112,47076,15354.89
1002,791410,78980,16392.2
1869,630373,49585,6174.89
1245,357384,17068,10417.8
737,704396,99976,11272.8
448,869739,44202,2545.55
287,878409,81823,7905.13
1202,64712,15361,9896.6
438,703195,37783,12538.2
1290,963369,765,6035.09
32,170487,5878,3915.1
985,900600,70106,7067.95
688,174390,77788,16235.78
1142,717193,87622,12053.1
648,590781,62248,5375.71
1232,233836,84198,17864.63
1189,314502,21200,2289.66
208,996537,21634,6271.76
456,195111,73766,18609.96
565,273485,25690,18264.97
40,338343,52477,14243.95
1166,136614,91327,14862.36
1087,958179,32869,8836.74
898,441600,54194,17892.31
414,784175,62181,8715.49
1905,515344,57265,3749.72
1149,176665,67839,10623.8
1634,16955,1977,18758.17
656,365109,98969,19403.03
1483,720278,93784,7034.37
1360,140983,65051,17330.67
1087,69932,82484,10369.91
101,791405,34945,7902.66
773,375387,44425,7840.78
872,517498,54722,14033.92
1879,389076,49198,9645.62
500,939952,16043,8676.18
905,243840,42392,15342.95
1812,50440,23186,18596.15
1678,874995,21679,1779.03
1568,691708,75691,12856.21
1847,261186,69123,2521.52
562,314082,77885,2587.59
1923,728807,9206,10139.1
953,408352,64392,17243.94
450,55295,2123,11668.99
347,522297,99896,18630.44
1616,26454,98791,9448.62
81,472243,59957,11004.67
794,58053,81384,7670.57
1314,854272,3927,4772.33
597,125790,58476,10871.84
1773,376424,36665,16387.61
92,175025,33905,16044.37
313,754270,6307,7122.03
353,634431,27040,14299.06
978,154800,95691,7779.95
1572,974611,2455,12987.46
718,964754,52908,6140.95
1495,349176,77175,4656.21
369,474938,53026,16587.72
1318,534940,20653,1244.0
42,52403,73719,11084.64
1394,978842,76382,3755.9
827,147409,81189,5056.19
1488,47406,3343,10615.59
1124,111905,78782,11826.86
1659,175513,21353,8967.97
600,438034,30503,16476.4
1957,510156,36612,14693.85
492,265424,19880,12103.83
974,574354,47112,14464.98
27,172576,18275,12177.39
1,871159,80647,19843.79
768,493193,50017,16076.03
440,567326,20024,6971.38
1796,992922,43102,12933.28
1646,293756,48291,11940.53
1412,459098,82730,16351.21
1620,375245,9268,11567.89
566,1890,98893,3844.51
1090,384541,75553,3645.75
1318,675919,58590,1610.86
395,576192,20304,6433.98
306,631186,38176,3330.56
835,318790,63470,12351.04
1346,159942,62035,19712.06
938,847717,62573,12224.83
525,233746,93748,3514.8
1896,521902,51739,7368.87
1748,283012,36947,12864.96
235,185666,39088,2765.61
1534,349922,51178,14799.98
1064,989717,74137,6945.14
606,574087,98841,11637.58
455,662873,92668,13328.18
1595,479838,69525,6074.86
1999,653907,88849,12576.5
1424,176924,77762,10438.34
15,763490,65014,3761.76
144,671921,96063,2580.24
908,469551,68903,10647.31
472,568994,7179,3068.31
262,44095,945,16565.47
1870,759734,46323,15548.08
1212,26689,84941,7603.4
456,754113,98468,18291.93
241,897633,16859,3681.42
229,28697,68539,14776.47
490,60673,80767,15615.33
1427,372664,86791,11029.1
1026,643903,9643,6671.2
1537,105196,23604,4120.49
352,309328,27592,3869.25
1569,410571,82185,16775.04
1920,893610,52209,7586.52
815,189389,26762,14087.61
1729,988172,44822,10314.52
635,920644,57441,15011.56
1468,566913,9314,16513.22
270,92677,35182,12674.65
1824,50850,48291,2069.49
1667,853302,58471,19786.23
1660,320788,58207,1545.2
453,725556,1643,1935.05
1435,50859,74059,3332.22
1126,92938,80746,9122.08
1999,559630,64772,13852.55
276,345472,39105,14531.28
1733,855424,39048,17779.96
1631,460353,77933,19290.55
1184,683992,70201,1745.55
1445,369495,76848,4272.11
1620,206109,14224,15397.55
571,847112,76034,16947.98
1687,962168,15989,5369.66
1951,162063,55546,12509.46
1188,546083,20070,12207.7
293,220565,73370,9876.91
1004,767926,89036,16622.15
1762,68806,30010,7764.2
856,210983,20238,13928.38
792,157059,54643,16396.27
1034,26894,59005,15945.69
1943,417539,94480,8717.45
508,649175,76656,14226.03
288,270390,84672,14744.43
371,834367,79187,1359.08
774,312671,2829,2379.89
31,654717,21375,19784.24
1045,464462,64721,5753.76
534,861232,44016,10689.63
879,380679,91189,2928.84
622,536052,74154,8948.45
932,700909,39699,12652.84
409,298471,68655,9670.97
973,521216,84305,13061.6
1087,979410,55189,11976.93
264,647127,37738,3640.64
1083,998297,54357,15827.86
1304,384043,69969,10987.84
1099,853983,40198,2899.56
263,709270,42723,19524.46
1598,747643,14649,9456.32
15,502819,66880,10934.69
1513,361374,79561,16369.67
1045,932488,1493,1280.34
1296,928432,18011,8548.85
1069,171908,42969,13314.61
1641,938804,27538,11283.48
616,697610,23698,2527.62
828,912066,45581,5897.26
352,123915,12139,2951.86
261,691549,16754,5059.92
1,963597,39873,13009.67
1056,967477,34286,6211.86
275,722724,24903,9661.63
1734,135231,1537,3110.79
1172,372672,28481,14092.06
499,738369,13360,4758.03
1171,252356,70656,7003.44
1260,380534,66100,2677.25
1580,658551,92344,8810.13
1959,890794,83970,2153.7
458,43552,22567,16648.06
390,923039,60449,18452.8
442,340353,57554,3734.8
1748,485768,82917,12849.57
28,259362,68540,13931.33
365,100345,47158,18498.04
1920,323461,18168,13874.57
1850,965869,79479,15236.26
955,901892,24345,1368.25
1543,558164,91744,16990.36
1419,732239,6562,8598.98
1746,220546,10110,9011.85
578,168678,55409,11684.19
365,927787,55866,3063.38
389,660915,51360,13478.17
1496,729715,80702,11928.23
60,481040,73581,14708.86
293,19329,19500,4100.68
1749,879142,9598,2460.51
1356,954567,31381,11990.68
34,2895,89272,4948.73
103,29937,60896,17308.32
1738,40079,82262,8506.32
1787,664002,75205,11375.14
125,958755,86198,17620.2
1988,801460,40357,18460.62
1690,810475,76931,13179.92
1199,177094,6723,12869.32
710,114460,12371,9158.57
1074,117703,49386,8838.83
985,999780,78737,11748.67
455,492635,69722,18360.8
819,8936,56798,13133.19
1832,202465,94503,15965.19
1768,211473,14183,16418.09
1779,872910,69684,5958.4
764,745393,97650,15920.55
436,220259,21623,13178.16
222,990072,90135,1094.38
449,733968,51011,6221.78
920,882434,56163,9728.06
82,787434,12798,19218.49
1593,659018,58706,10194.26
1837,392770,68095,4511.26
1594,380191,45854,15256.82
1574,390730,2457,5214.04
1063,408992,38543,7270.52
1127,733584,9989,15503.06
1173,331637,89373,18157.93
322,345210,74059,4156.29
791,790952,63197,19709.9
1410,827415,6386,5634.05
1840,444677,70268,19131.59
1318,240547,74848,3179.33
1124,880267,22629,18107.51
1134,400125,50988,15889.82
1685,117570,79309,18521.46
1090,839073,92577,4641.94
1700,822451,48857,13683.87
637,768292,11275,18230.29
84,476261,72935,7887.54
1423,544528,1068,4538.35
995,792476,41084,7075.37
866,129818,55057,6754.62
1218,802267,50070,2427.03
1478,875877,39881,12668.28
477,966505,61081,6241.31
919,7954,28231,2302.97
1270,711649,77859,11092.27
387,949747,76754,8841.75
582,590785,65838,3656.96
781,180080,42837,5227.39
1379,114447,9546,623.79
1741,434270,81073,16895.33
1216,334676,71965,19839.49
1873,714358,37142,19023.43
816,419699,76892,8785.48
1569,100346,55763,12183.81
1191,652970,24706,12082.78
1585,939857,85463,18686.03
1782,753481,75541,9139.39
1706,62561,57535,16914.98
1279,121034,29833,11543.54
1226,510533,14737,18238.63
318,553492,14227,13068.38
531,85800,78318,14067.56
1837,246882,54113,2832.27
167,431566,23347,6855.36
12,213229,81019,8466.64
481,533805,26570,2485.38
46,790969,64645,2824.87
340,551565,13916,9680.77
331,441148,78360,13273.23
1866,47313,93747,9492.21
100,714759,26696,11196.24
482,577668,78553,13414.77
145,168306,22855,2889.21
1036,829912,84683,10831.17
990,943086,11841,13141.23
1930,974578,65635,9432.74
605,222527,55772,2868.93
1223,223228,72078,16359.12
1389,444798,48616,12200.46
183,888469,96370,19119.55
432,198577,82612,12887.78
504,761557,59217,17849.02
316,37070,26977,3397.51
1692,233537,43009,18899.41
598,211281,22673,7946.01
1442,632505,29656,11745.49
794,471660,97387,13615.6
1236,581254,45228,9548.93
1746,820217,54307,12260.58
206,335861,9530,16576.36
1899,622775,41191,8303.95
1005,544058,68448,13455.66
1025,114049,42325,14786.33
621,188256,25043,15386.61
818,433927,5663,18897.1
379,348773,3886,5552.71
1105,537070,34472,3175.7
1779,641008,63203,14021.62
321,269027,55648,7881.83
707,483882,50858,10169.25
1294,745072,14328,14552.31
1549,778813,66390,16296.08
1655,741309,67263,13932.72
1707,886182,65520,1045.8
1196,784676,97466,4338.04
1849,824059,70529,6917.35
1366,385131,83777,17336.06
720,332456,63397,15137.39
1375,833458,49266,2619.9
1643,976062,30903,2137.64
409,914189,9380,827.78
1423,473659,89135,14908.15
242,508375,12042,16722.22
247,195508,15133,18632.01
1886,965077,31638,19913.61
1119,543539,23230,8098.86
129,13423,23301,14997.05
909,491971,42857,19123.11
947,51500,73459,15348.89
258,857150,11963,11727.31
532,450048,4115,11069.52
1620,328910,81263,9161.52
717,487922,98832,7693.8
521,299525,42707,12617.52
633,590813,17511,11400.82
705,192440,9720,12468.27
392,844431,25749,11984.02
1101,66643,21269,16470.25
241,92172,78419,15020.67
965,911343,6421,11545.04
1247,574079,81168,1323.88
238,20470,29811,5632.91
138,655233,105,10454.74
430,788234,71584,11994.2
577,313488,54137,2307.87
1200,76793,33013,7910.73
1061,843138,15441,10957.9
851,452762,95065,14120.39
255,976743,21133,18201.02
837,261767,62238,6566.78
40,598607,77224,15469.77
897,137359,54247,2231.61
1445,850610,62816,11040.81
1622,376794,38187,13304.55
309,453401,71789,5247.53
1045,165473,89401,19023.72
74,42928,17186,1416.47
298,475978,11627,2572.15
1666,941970,1362,16280.75
471,951452,26663,15807.03
437,137345,17134,7153.19
1998,153386,27080,17832.58
1190,455583,23133,10154.24
1479,155399,78479,6209.04
285,70032,12296,18669.99
1312,919079,69838,18851.63
1473,516893,79926,3299.4
1442,176917,71592,13012.56
738,182954,90962,6529.53
1041,717615,60911,5500.87
1371,436662,35109,12598.74
1947,761956,49024,15345.27
1516,562318,26375,2533.15
1826,835896,84681,10456.66
662,274518,92436,891.24
1205,304913,94475,19016.29
71,143408,83187,7240.97
1998,2685,14145,15161.39
1996,838192,34179,12695.52
560,356652,85634,5047.78
929,119703,48145,5860.14
1892,922070,44684,17056.29
1422,403123,21474,16277.84
718,69586,12699,17411.45
1016,786853,38730,10866.82
721,704228,37379,18534.78
946,354748,80612,6837.99
854,417826,16882,18102.53
1431,811656,77782,14091.32
1367,986266,86194,12945.11
884,799692,70661,1574.08
852,275444,71360,7919.23
1375,292615,63773,4792.31
1534,963873,17822,19034.31
81,877690,48332,8784.42
1632,58324,67265,5444.39
983,742688,28282,9540.82
26,697964,44190,2435.08
1013,584184,64981,12248.86
189,644892,26182,16989.68
814,950856,39740,18919.69
793,599189,57848,5063.5
610,639512,50066,14096.15
1126,9137,64753,7098.36
329,942489,65993,13486.67
1584,828439,12548,11695.93
28,80728,9806,1203.23
439,727555,70691,12320.97
1005,415724,17185,2900.65
646,239396,62100,8854.45
485,954035,18654,4025.58
871,826935,53314,17503.81
436,175399,12307,12499.89
1888,238945,56466,18582.78
1357,385742,8562,18339.47
274,394334,89674,4881.47
275,903357,79316,14395.34
1779,167850,54837,15519.53
1392,198449,23040,1570.6
531,789127,7872,8781.13
1179,948298,3457,7851.57
1377,805670,75730,6749.45
1999,619072,36799,1817.95
9,283687,75955,9901.35
435,795474,53907,1270.71
963,18252,43688,2760.72
809,642565,50722,3987.83
715,227813,7056,4379.22
355,651109,10783,17951.3
550,361013,58470,3385.05
577,970284,35060,15114.8
212,610917,82839,9942.99
441,130932,25397,10251.79
1110,40966,47021,11702.67
412,453395,28679,14295.51
412,930999,51847,7723.52
733,396291,22590,16873.02
1923,886585,84940,19110.51
1472,497542,73604,14122.56
1064,662727,82880,14487.94
45,246268,80046,16908.17
1971,792632,18482,665.89
1031,181244,46459,8121.28
985,606178,13990,14706.52
1474,118620,87863,1292.23
935,319036,85866,5693.97
236,837533,92464,14355.91
984,279389,19034,626.86
1774,956741,84912,11281.37
171,262673,92114,18595.67
292,494486,13348,18440.65
1842,914945,87473,15925.49
1765,349765,79770,517.58
989,626208,6143,7531.61
1472,937249,19870,1627.44
546,834383,66936,2613.93
46,902180,91522,11479.93
929,828494,55023,5164.42
1479,429891,35772,12321.79
1034,838145,56496,5788.14
1699,262777,68603,1097.4
598,830777,84716,7919.18
1623,501234,43933,4263.44
1588,725747,51561,5376.22
743,183259,44190,9264.16
263,387026,75155,4124.41
151,425517,43836,11515.97
1646,607883,98369,3870.32
70,138324,46136,1214.3
1842,268787,85381,6348.22
1731,529905,87325,10218.84
1456,779777,63618,2914.22
1122,991081,67245,5485.0
1469,293013,95485,6640.44
1752,453537,94882,5553.58
1095,265758,76557,19781.15
1927,72887,96411,19004.95
237,166786,38325,8871.43
1059,240392,8152,8117.91
1221,589282,37375,11125.88
946,181432,45852,1694.72
1398,16821,35905,19437.73
1088,532883,2779,8203.82
41,651250,80831,17135.74
858,639169,33587,6000.38
30,674413,48016,3958.35
727,848479,56982,16507.03
1452,692866,83718,2291.64
794,216854,46134,15005.64
1207,587253,5041,7793.21
1059,525934,31329,8210.33
1533,468126,70929,17872.32
1116,932540,87075,12701.33
312,32248,30752,16295.31
1596,637105,2571,1475.36
912,614334,72269,18274.6
1709,437251,7877,3475.86
727,641774,72177,13110.01
495,849432,12794,16546.36
1869,52125,39952,17460.54
898,898418,92470,15679.74
8,200384,3951,8970.77
920,234583,63057,18619.95
1574,905097,62905,16652.19
1927,974598,43797,10713.99
710,600130,71222,17894.83
1900,322813,28730,4227.33
1084,665924,8094,13245.84
833,569571,64044,3793.6
1482,944967,63596,17992.02
87,208416,77037,19237.24
1515,719499,9357,9960.7
991,791817,98501,5898.22
1482,955092,29091,16290.11
638,764448,69160,16382.09
274,165730,18490,1300.59
1652,444710,25138,11461.32
725,185954,33900,12899.56
1155,609068,32948,7108.54
969,56107,51375,13739.36
1431,421670,77476,15230.89
219,144847,73426,17513.02
1946,745564,41270,3741.14
1616,973417,84799,13119.56
1045,376240,21045,8219.56
645,513790,32204,15908.05
285,713455,20651,13134.57
12,870953,34897,10625.36
1635,380781,14886,9351.21
1104,399653,48444,2582.39
1273,837847,65243,10699.62
421,734268,21401,16372.56
1276,11372,37861,19301.69
97,429164,74523,10857.67
814,692551,87045,10517.13
741,665931,47112,656.01
1369,173084,39912,9762.23
1377,703372,39077,11355.22
910,325538,2409,13399.79
332,525598,43760,13292.66
740,657805,60236,6095.61
597,290072,26881,17649.49
46,814698,14828,14318.06
1994,820783,3076,5393.98
145,445206,42609,19998.12
1094,861421,63854,626.46
696,562043,37979,12320.64
1366,813771,58583,11013.48
758,919910,32701,597.21
1892,289766,37475,18565.18
86,408935,80369,1711.93
689,874230,65800,11775.25
899,732425,5554,6070.21
1549,909034,54449,4851.84
398,278750,93641,16601.83
1423,672331,52609,8499.0
1896,555091,98095,3942.04
1232,615167,61967,6842.76
164,140597,77259,18603.42
682,858772,28999,12929.96
746,788047,66278,6027.9
540,581165,45505,19781.08
1268,989396,8075,14414.15
163,681275,42012,6078.52
322,382855,92501,3296.3
256,301920,88891,12194.36
109,122667,51400,7732.72
944,190419,45301,4315.01
783,611622,9299,7293.16
170,494755,31614,6411.83
1881,959327,32264,9962.78
1309,237073,93749,3972.04
1769,729433,44388,14591.95
164,116369,3581,7817.3
1268,751989,67476,1862.22
1196,376755,46620,12178.58
882,412707,51891,6843.9
1898,931446,60059,7691.71
1614,635448,47625,14349.92
590,974719,43485,17797.0
506,385602,82521,17337.03
1493,322230,93576,5930.81
1904,882814,93857,13002.39
1895,392694,4062,19788.22
418,533013,37813,9749.68
404,695901,54585,19766.12
908,46857,34329,4681.52
720,319033,49254,1173.08
849,518601,99032,17999.82
1842,220417,78484,18542.46
623,718827,94507,10178.38
1499,279426,73459,18185.29
1118,789594,17670,18953.59
1883,367653,5889,7500.8
793,174447,31642,6226.52
344,684034,37679,1087.19
1397,890930,64878,7530.61
1135,203734,94822,5517.61
1733,867482,75216,18542.36
1341,865960,97765,4230.41
1107,520222,28754,9050.0
924,612620,62521,542.44
1588,492714,24434,12687.38
1272,179196,37846,1028.92
67,394429,1243,10843.66
1371,284470,76071,11896.79
1469,44788,6723,8358.34
533,424130,58387,2569.82
970,149488,57228,17875.81
345,868053,68125,6446.05
1718,713581,43818,18781.34
1411,546005,21459,17039.13
122,556969,69000,13246.15
1262,574142,46607,17320.51
147,916197,76422,8527.71
1653,797378,86204,1977.25
1689,528567,30081,4001.57
1425,702425,51685,19985.51
1063,808823,65501,17060.94
1188,732897,9733,7767.47
1092,608017,42075,6497.46
399,769063,51688,1470.85
16,351137,50752,10245.5
414,968181,77520,2523.78
578,408270,22257,1353.62
727,334080,99983,19289.28
34,701337,31158,1229.9
148,641423,32489,11022.31
1740,341301,74545,10543.91
1971,557501,772,19708.75
1057,896651,55087,9388.92
1777,68904,45796,8442.14
1902,903743,35969,16679.03
304,223659,75256,4415.12
1122,577354,90436,14488.74
153,199718,74141,9262.48
415,706401,73208,19774.19
763,787995,39755,10578.55
1186,350958,98139,8972.42
527,965610,42362,7777.26
385,145820,15458,4924.4
452,558426,84006,13502.31
1565,490108,59257,9199.36
566,384583,3429,16417.88
772,968299,26537,9446.32
1620,854692,9990,19494.79
313,430115,87950,3184.3
1614,706729,2322,2341.37
1793,63097,6852,10245.04
724,218355,77640,9380.95
1879,50968,34864,2188.72
193,144013,36532,8620.7
1154,354620,53786,6616.03
1360,778034,45785,4793.99
1796,688622,1288,6399.27
1176,724137,92167,9738.94
72,566845,25766,12342.64
18,192722,65035,927.07
1443,919779,7045,14642.34
917,644318,13957,18094.99
1679,690910,7727,14978.71
211,840713,32258,2355.87
1215,425757,13644,4951.43
1042,228532,59507,14099.93
1207,212005,31976,2451.92
143,522156,37244,17133.59
1223,152000,10912,1467.02
362,242938,68954,14300.12
1423,140473,21029,17554.15
1993,832595,47973,6027.24
1864,614601,62935,19946.2
854,823317,5759,14299.97
362,629931,76615,10319.87
1678,148638,17152,2381.02
1844,884521,13948,2781.05
1849,993428,261,19365.53
883,4319,63751,3603.64
220,741859,65249,6520.47
1838,742965,17555,2559.1
327,142392,44050,6330.73
176,215072,22196,7536.15
1392,486262,75521,12454.02
956,541204,48942,3394.56
1284,37158,41952,19949.42
1979,803448,33079,16742.43
1059,167651,57061,19175.22
620,205045,78046,14450.47
1633,807481,24591,17731.59
1775,280067,23937,17615.3
860,214760,8124,1168.82
177,111242,51740,8912.29
347,38823,39514,10058.14
840,461584,50384,3825.67
11,992223,84821,9276.26
816,7467,90207,8717.19
1430,391408,1742,4816.24
487,341482,45087,11844.5
226,968791,52050,1751.01
1948,149572,64931,10723.19
617,634072,31452,3315.67
1341,173227,15642,2397.36
933,149646,3490,11428.66
549,520982,52939,8814.53
30,688953,72534,9251.19
1010,754118,45799,12583.76
181,559639,54489,14773.92
819,990702,17640,11088.61
101,729242,86404,13344.96
1008,674222,69645,18276.47
509,994731,87543,6723.97
1368,404124,97694,10741.97
865,401601,79513,9909.1
1774,116969,35758,19752.98
1106,633344,96807,4591.27
347,373999,76130,1267.58
371,669540,88146,11144.0
1070,778211,42932,11064.63
1211,958795,88529,15953.32
1968,130054,98214,14398.56
1716,544804,4291,8620.15
1580,431581,7879,7537.66
24,314070,44166,8746.95
1234,413172,59205,6832.08
909,565891,15821,3260.08
362,769246,76935,7999.62
1980,300560,25662,15394.18
1027,309076,49156,13998.65
1666,200365,75602,12076.45
1165,923683,78084,5079.35
4,426579,13687,19697.63
1802,512421,88820,11774.57
491,761619,44209,17303.7
186,227666,99900,9235.82
901,823026,74583,3477.51
1101,784845,71301,1032.96
455,617863,40206,3593.58
192,265841,54506,14100.73
997,478399,12477,17700.34
1392,357363,93969,17758.09
1670,364225,89315,15502.09
878,196514,44597,8689.74
1818,314569,31455,8910.32
1576,635343,24833,16914.66
1813,956047,28414,6691.37
1879,270146,19272,11757.78
709,440133,91666,7592.82
627,263620,37022,9269.17
971,774662,81208,5858.48
157,438352,88800,719.66
1172,455744,93912,735.36
62,847741,31254,2883.29
831,173439,73726,9020.12
299,210899,28194,3016.32
985,536583,13441,15479.51
793,38471,75787,14199.24
1148,385644,77533,11159.97
1976,510880,92589,5836.42
1804,678865,13379,19274.68
1405,964433,97315,13014.45
1206,993184,45405,13264.57
1092,148118,28288,741.87
1215,423767,4076,4808.88
1270,193311,32230,3794.37
1574,9700,49702,12174.18
581,4892,9446,14056.08
890,143317,11526,5047.47
527,261105,20303,6862.2
490,965029,26241,10251.14
65,74605,95207,16496.78
1558,819965,11093,7049.71
922,168043,50436,19852.67
1854,730251,63857,10129.48
1446,632691,84472,8780.5
1811,432237,45381,19000.09
392,392438,87679,18533.49
408,855301,96592,13919.54
1272,320656,28062,15796.16
1119,141033,6631,7831.37
444,260410,83433,6331.47
876,311901,53640,9812.42
1779,657160,31402,17918.22
322,230589,95083,17145.79
1791,627877,43531,8719.82
442,141337,10564,7480.46
360,794034,33975,18514.61
559,530720,95184,9505.71
1763,989149,8579,18741.41
1751,989649,31085,19101.79
586,3473,95567,3137.91
796,474686,92202,14060.96
616,924160,38383,15357.12
1556,787663,85952,16137.55
1656,897037,73764,11437.51
1855,203513,15302,2606.66
693,445792,6741,18149.9
465,401556,60291,1090.05
705,987399,45508,16576.71
727,114919,93940,15831.24
402,325636,16380,6462.36
1052,228227,26727,7033.69
1588,854733,28466,17116.74
187,135812,18907,14929.42
1978,216667,27931,19489.96
793,117044,31752,9303.48
1264,177888,64839,9415.25
1610,927653,72390,6434.52
1498,937194,37155,18102.34
1227,253381,42297,3580.93
1294,990340,57473,5341.76
1193,706419,77907,13359.66
1228,156985,21852,7283.04
920,320511,76642,16978.07
1851,700327,7153,11325.82
449,559212,50667,4173.38
1745,626845,51809,12148.03
1640,54983,82927,835.61
376,626589,53679,13173.64
212,491650,79524,10762.51
1398,195860,72121,19562.11
1367,90233,47389,15859.19
1574,575299,51254,3367.92
1717,566215,37408,15619.79
1966,274582,66682,12727.99
95,461445,42867,17177.65
49,392393,57814,2069.41
57,216671,66260,2128.03
314,989741,96855,13041.47
1778,255215,79236,10975.6
1487,355283,67886,4280.08
1518,680788,6665,17173.91
1636,539075,77200,12327.19
325,434335,46060,13545.86
837,767646,7073,5080.77
35,359536,26043,14349.42
1952,452605,58373,8915.67
1066,345295,73419,15593.2
766,388368,79414,7966.56
1549,170805,79828,19082.07
1050,392276,41963,900.92
1121,879001,63817,18402.08
469,260106,35566,7805.2
1120,404663,48164,12015.26
1368,56748,42442,3103.28
330,108731,58506,19239.09
815,864791,69051,12393.51
1276,893701,53135,8481.17
659,146714,40668,7351.22
827,591731,60894,3046.64
97,529861,95076,16594.3
850,240144,88484,8472.43
532,477313,79082,4062.3
49,117964,14280,9598.44
1680,714355,76920,7404.66
92,764995,48704,2940.58
95,20138,1922,12764.0
1636,665822,99633,6675.62
1848,110987,92092,14330.41
1346,22386,8472,15981.93
1501,797894,49103,5786.22
205,604062,17807,6321.76
1419,7475,54605,13928.76
859,143372,89094,5952.32
1687,613607,8121,8603.51
1904,613515,24410,3036.07
1861,777702,83812,10147.2
282,318562,44032,16409.6
75,834968,96709,17550.96
1062,212308,60660,13283.06
939,673279,90920,4939.1
1963,205621,21201,10077.4
14,407120,49879,1779.68
291,429148,62746,12230.61
153,552175,52723,19316.83
401,320401,70318,7481.07
36,73997,8888,11883.43
1743,805369,48930,17664.93
241,868390,44192,16581.02
1384,671951,9151,10365.64
1175,527038,10085,16922.78
1958,91978,87533,12403.07
752,976807,36857,9150.4
586,265126,11667,12765.16
1383,689686,70990,8870.28
297,360333,91352,12703.43
111,354855,27761,7332.84
899,673714,27608,17813.72
640,699610,56542,18509.59
839,141753,17960,9528.02
772,29711,74366,11579.79
19,680247,9338,4851.88
1214,377708,90239,4579.71
801,117328,77442,1157.24
11,413660,47712,15330.74
1477,282739,33182,7002.18
1942,160973,96674,3548.17
330,558941,99838,6007.9
1998,691915,26374,4711.72
103,110729,63839,4569.7
1967,850637,3086,3138.03
1804,525372,1964,14664.19
405,857506,48404,2663.67
192,178844,50387,10458.72
320,896777,91586,13459.84
692,596797,80603,10613.6
16,67853,17986,13760.02
646,920205,35703,3437.89
1740,399410,17714,1415.41
449,906650,41593,14387.95
561,416681,93894,14068.34
104,241905,57949,14658.38
637,976801,50928,13089.32
1962,292002,18409,17460.65
1179,581859,15998,4938.66
1367,656792,31870,12604.08
170,283303,12319,9713.39
383,555113,39297,17400.03
1571,333882,95499,12031.02
