ArtistId,TrackId
1789,1470
139,981
1465,2807
918,719
878,3764
506,3892
397,953
596,4051
1506,4501
1485,3395
1339,2294
1814,1126
457,3074
271,1901
13,3363
419,4539
1594,76
207,1916
577,1678
164,3266
157,109
1117,905
1612,1113
1051,4752
1012,4006
760,3233
127,1105
390,3959
362,1911
1703,598
1210,2651
1034,4640
1158,4181
3,3146
232,2740
691,1039
1244,205
1536,1545
913,334
932,347
352,2741
1689,326
1862,2698
1891,1184
351,567
1726,1376
769,3066
1474,2064
1340,3821
1622,501
796,2674
231,650
1127,1727
779,4656
488,3726
820,2213
1131,1846
708,3729
1856,560
1272,2724
947,978
738,2790
891,3032
59,1226
1846,1949
965,2200
146,4083
411,4795
1844,856
1405,4192
1286,4995
567,878
1690,389
9,587
1746,1489
385,1066
345,3919
1984,4515
1540,566
1535,2208
1187,936
1819,920
1674,2488
1509,4141
528,3222
1541,2898
228,2701
402,602
1272,1690
492,4962
277,607
1257,106
1935,3202
1940,3546
596,2575
1852,1218
1067,1406
1213,3446
647,591
1464,3028
595,4565
886,2822
151,3356
1892,3771
1481,3382
1154,2758
1309,417
37,2998
486,84
668,1818
1225,2638
215,789
789,3276
192,1071
1403,4896
1666,3549
1640,2099
1706,3850
1336,2856
1943,824
163,2935
1484,2461
949,3120
1709,4794
740,2192
1531,3216
302,1966
1365,1463
1946,1216
1125,3696
812,3236
1481,2577
521,4750
1073,3277
288,3990
987,1547
257,1671
1334,3052
694,4412
555,2533
911,4154
1341,3213
1995,1522
1148,1357
203,4296
1586,765
656,4278
974,386
733,1263
1419,4974
170,857
156,4894
1551,4864
666,3424
1454,730
824,4764
750,2600
58,801
1325,1259
163,2022
1899,2285
1035,4166
1842,1751
613,501
1395,1476
1541,3745
992,4469
1463,1839
1762,4387
716,4305
1094,1484
932,4832
1484,1898
608,4479
417,747
1531,438
925,628
636,2740
579,4192
178,3619
1488,4942
832,3325
1045,4601
1229,4947
243,1469
425,4664
419,2863
1069,1962
71,3614
1041,1863
1144,3304
15,1467
727,4413
941,235
130,4194
474,3967
1814,3772
1165,3592
583,3910
1324,1141
266,1759
966,1167
1886,4291
1843,1211
1657,4993
313,3268
1857,2543
659,872
1374,3069
827,227
441,420
1689,865
1520,1847
1327,1681
936,1796
1905,1163
1072,3148
283,1645
1924,4825
1096,4902
1638,755
58,4452
918,1634
1482,1447
955,4145
255,1061
67,3454
981,3151
103,2882
669,3522
1550,827
1677,868
426,4326
16,1947
239,3416
772,3916
975,2518
1152,3154
174,3701
301,3513
1301,244
927,1989
1787,2847
299,2420
1975,4066
1325,1769
493,2636
1259,2169
672,652
885,3914
1317,3342
150,1250
591,1895
185,1207
390,444
44,4237
72,4713
1333,4454
471,2769
1984,2731
1937,2619
318,4109
1526,3987
703,4179
651,3760
797,3060
1062,2540
1261,1703
1415,3338
127,3430
454,3596
951,3648
1985,2178
907,1326
43,992
569,4714
1660,1829
54,3073
1546,4696
1132,892
277,2098
1862,3626
307,1977
1468,2009
1215,3815
514,2950
1347,1490
328,3497
388,4531
983,3657
1098,4398
1046,3713
984,4067
1069,4111
1441,4922
1257,3115
2000,190
1477,903
145,2450
1055,2900
577,646
1201,2954
1254,4012
1735,1612
255,4015
515,182
950,339
1566,4809
1853,1833
1292,1042
1164,4011
1952,3532
1466,4578
843,3138
1987,3755
261,3685
1441,3996
1692,868
1263,691
1805,4946
1352,4412
1677,1728
1200,2328
1461,2369
1905,1097
26,785
1682,3011
562,4148
1885,4767
1477,1037
663,295
606,3962
635,4663
1135,2734
357,4389
1102,2328
849,4097
413,4964
494,193
1935,4251
1102,1281
47,147
93,34
1944,3253
1708,2488
1782,2437
1462,3250
1424,4944
200,4038
1227,1397
977,4669
600,2696
1340,3260
605,825
1899,743
1565,1392
697,3797
1542,1408
368,2575
1905,3446
745,4511
800,2757
533,2642
1291,1274
522,3981
1095,1362
45,609
516,4166
177,499
567,4626
644,4580
113,4163
935,299
706,476
1723,823
66,1607
804,2768
592,3343
1483,1336
901,3869
813,3985
495,3181
445,1374
1850,2032
1843,595
1392,2874
1834,2990
987,610
1009,4570
1880,3631
1539,3567
155,4924
24,1731
631,2409
1894,2977
970,1609
966,2887
1310,4683
1067,4925
229,150
313,558
1331,541
922,3231
392,4234
757,3652
232,4770
801,2941
627,3579
1048,4804
1268,4807
1120,2428
1913,4316
390,3077
734,2658
603,1909
1464,3406
209,3187
1517,34
482,4019
1483,4853
1781,80
628,4073
817,4763
1359,2831
1448,1597
1899,72
419,1684
1902,3753
167,2143
573,3319
313,4183
1123,3005
956,613
1377,4053
513,2258
1325,3368
1846,4797
1397,1258
1451,1723
229,1681
229,3667
1476,4705
1550,453
524,4487
209,1214
117,1625
310,3740
1483,894
1450,2437
962,4605
1460,2078
500,4022
249,239
1410,2257
59,2330
1836,379
1958,4277
1910,2314
166,3853
142,1281
1885,4472
1133,407
379,4900
1339,2727
1451,1736
1793,453
153,2867
972,984
1200,3551
1530,3197
1284,1744
1793,1850
726,928
201,814
1744,2897
20,1705
159,2803
663,4551
1394,3538
1705,4891
1808,1606
827,4659
1671,4526
582,4562
924,3508
1893,4309
695,2638
1782,4478
211,4511
970,133
1953,4296
876,2686
712,3746
1605,580
281,2476
644,313
1741,2841
886,4047
1090,1339
400,892
831,3330
1557,3205
184,486
1615,2099
1446,75
382,1373
1634,3509
1854,1563
1680,3625
1291,2389
1274,759
1790,4022
527,973
1659,75
1349,115
1870,4954
1192,1592
552,2723
630,3811
814,4157
1022,2120
337,2017
239,1445
484,2710
408,1897
778,447
960,195
1675,406
1811,3973
658,1779
709,4225
1834,4334
1571,1251
53,393
587,34
1791,2688
1364,3109
25,4468
1716,299
1747,137
263,2310
466,2898
452,4949
555,3650
1935,4803
1043,435
1094,1420
785,1079
1862,245
544,4659
1760,4398
280,4061
1877,782
1909,1754
312,4538
1919,1947
356,3790
770,2612
1931,2186
1003,4540
387,2093
1431,1082
1214,3299
293,4151
1101,4819
915,1202
1855,3480
46,3907
273,651
1577,4411
1064,857
651,1213
18,1300
726,4016
972,3254
1433,4403
657,4145
1554,3875
1800,898
83,648
81,3985
8,4904
1598,1437
532,3857
1991,3354
1480,398
1104,3265
156,79
1542,2215
1454,2331
1156,4889
905,3092
1457,3834
765,4738
1351,1866
535,3495
542,236
1354,4315
1741,331
3,1419
1293,1861
1167,3442
1925,4289
1815,3663
1309,1576
331,2123
1184,4025
91,1653
1782,4654
1360,3204
1164,3329
1599,3486
1236,3434
337,4045
497,4034
1825,2257
309,3983
990,3378
608,832
1616,3840
286,4982
1339,1051
1432,4019
306,3419
156,4643
501,891
1715,520
627,1232
105,4045
1552,4434
1306,2981
1872,1406
795,4751
875,1711
51,4482
160,3422
456,2437
1459,1883
686,1667
1471,2122
1362,3155
1501,4216
402,2029
1980,4601
495,1210
400,384
985,1303
656,2296
466,1677
691,38
44,456
1938,3557
723,256
1659,3876
981,2766
212,1272
1339,2245
471,1203
395,4362
1859,1722
1215,1657
143,354
294,4953
1927,4337
1749,773
921,621
1635,3411
492,2430
77,939
1112,108
893,1727
554,46
1808,2292
1168,3652
1230,100
930,562
104,2735
1138,2726
1986,4513
1597,1025
1480,211
1457,4923
1108,4540
170,4257
834,3254
906,390
1890,3758
1551,1848
630,3195
107,3154
1789,1905
794,1088
999,288
1983,724
1199,4520
387,2161
110,1358
1135,4535
1842,2936
362,2333
1723,4705
176,931
637,2272
1206,2200
1949,4230
1271,1097
1078,2954
1417,2383
319,4851
649,296
1232,4589
1120,4082
676,2156
115,4563
1584,2267
61,1065
737,3563
587,586
406,1477
1398,276
1236,214
680,3968
1119,753
1919,3546
1993,3495
797,702
340,2937
1086,3959
847,1987
1223,3964
1863,1143
204,2295
400,1941
1879,4534
1523,1223
1987,1852
113,4099
1967,3829
81,4295
1164,2458
1909,3366
1754,4246
1065,2681
982,2683
440,2363
574,377
1664,4437
759,1362
211,1493
495,1023
1372,3511
1187,3465
1894,1866
1956,2515
1093,4217
415,855
67,3821
1564,1358
392,3123
87,3012
919,4037
1118,490
899,4058
1298,1589
1187,1492
1288,2069
1053,4683
786,2087
1099,4533
784,1260
792,855
778,3135
1659,440
884,1841
104,4884
1183,4123
1506,3581
711,2852
1669,835
1078,1828
579,1915
1229,3717
957,1043
1593,961
56,3796
1735,2771
1818,1079
1814,1603
936,3586
1944,4867
755,801
392,1392
1118,2021
238,2911
1623,2422
811,292
1461,145
821,1505
1120,1801
813,2324
1884,3402
1079,2968
204,4431
473,943
9,1977
1747,4824
737,235
1024,1460
1839,2841
1426,3197
1314,2727
1040,3656
569,772
823,1857
861,126
1332,3949
1700,2884
965,4421
793,1685
311,3631
1651,1450
1839,4130
189,1655
1723,3955
799,3570
871,3675
1351,4083
1387,2545
1407,3426
1794,1391
1107,4891
1236,3544
1116,244
1183,2405
4,1996
129,4391
50,3869
327,434
74,25
1152,4489
271,539
1771,562
1590,3668
26,4414
1280,4674
636,2128
1164,4499
1293,2923
1883,1971
136,3239
1530,126
1400,2231
101,3891
524,3994
1898,643
1932,4428
944,2338
479,1484
367,1014
785,4974
776,1707
1380,2639
1743,476
1084,1594
289,1094
1636,2336
1696,4602
440,1492
1393,363
1930,73
47,2729
840,2402
924,4759
769,1704
227,3370
741,3820
779,4112
1243,2755
300,1899
1471,4339
476,1078
1308,4052
749,2139
1411,3278
196,4407
917,1952
394,1682
409,3468
1128,186
299,627
1777,366
882,4883
546,733
434,34
1652,600
1676,3697
779,3186
1654,4847
1482,4097
110,58
231,3731
1060,3061
847,324
1700,4441
1411,2581
1536,2761
1290,76
612,2376
626,96
552,110
111,4834
1683,4208
313,3248
834,210
268,1290
1006,1256
52,4375
1261,728
1254,3950
81,4029
1831,2012
1490,3934
876,99
609,1970
850,864
798,674
474,3731
54,3145
1788,4530
714,451
1256,505
340,2684
1071,2903
1644,2536
1939,3881
1765,1550
722,1968
1429,1564
1341,1488
1344,739
1811,1373
449,2748
1918,4882
548,3922
966,2449
1716,2718
379,4904
759,170
371,4491
1353,1848
1981,1151
972,170
1839,1741
1411,2957
659,3093
1693,3609
631,3031
1228,3021
1928,4644
1049,1292
648,948
1847,3258
324,4042
1448,2206
999,2639
1181,4602
763,1874
1809,3905
1762,3830
1879,4415
432,3989
838,3445
640,720
825,1934
250,4443
45,4977
429,1476
1232,3786
953,4334
1739,813
3,2536
1789,176
1341,4187
531,706
1331,1513
1181,522
658,252
1375,536
1022,125
841,3985
750,2177
908,2763
438,599
1608,1390
987,777
223,1613
792,3756
1344,2512
470,3705
551,1415
1076,1300
1982,3028
1120,3292
152,4298
1270,1516
1657,4665
1099,1368
1971,3549
906,1010
190,3772
1955,4773
1623,4034
1592,254
821,902
328,2430
1467,4689
1518,3688
1967,2797
382,680
941,4350
113,4464
27,4424
1497,3750
86,803
865,2756
688,908
421,1318
162,798
1208,4815
932,4651
827,3174
1030,1776
1069,721
577,747
272,148
1127,2648
1587,3801
1697,963
1879,2926
676,3126
169,3029
809,4409
1583,3278
1261,2998
1103,197
98,116
1762,1065
584,3015
138,2669
152,352
1222,4992
1712,2641
99,4663
405,4181
2000,4505
381,1343
1195,1102
1640,3933
1235,3884
1654,3050
1735,3941
525,3724
1323,3475
1123,4582
239,3101
49,2977
1186,2423
919,2079
1468,1089
1584,4647
1159,748
918,393
479,989
947,1094
1662,1076
579,1341
1443,1446
1389,2378
1162,3907
1755,2435
115,4620
1959,3928
1757,4467
637,6
1524,2953
1336,3656
1940,2602
16,3042
692,3325
103,2930
134,3034
361,3225
149,1356
1195,2633
1189,3084
726,1108
424,4678
813,1521
331,2006
577,1244
1891,3541
495,4329
574,4622
777,3032
1670,1852
35,4344
176,1351
905,1460
960,3382
1571,1055
1442,3385
1872,2444
1925,92
214,559
1879,390
1471,2810
438,3687
462,2058
536,1778
274,317
137,3695
1269,2797
1379,4389
1836,4076
626,3105
803,2243
307,3059
1004,18
288,4803
218,2492
668,3223
1396,1710
1342,1181
1618,3974
361,2662
1357,937
250,3585
1093,4045
1580,191
1249,2572
1395,4612
589,18
649,4233
1776,2991
625,1432
303,1381
1768,3810
706,1771
1322,3989
1585,4857
761,3427
1012,3009
286,919
1571,263
1498,3168
1914,2817
1347,4921
58,917
951,1723
875,3125
483,4358
763,4641
914,4810
678,1564
534,3771
1279,2427
1112,3482
16,398
948,4808
1774,420
1928,4270
1959,3620
1952,197
83,4774
45,4253
1132,4336
547,3417
1010,2424
884,2019
1851,4989
1185,964
928,3782
933,3897
74,3907
1529,481
617,628
427,2453
1944,1891
1946,1937
915,2429
1579,2409
1190,2368
1826,4235
914,972
1611,2132
303,589
624,644
1644,3706
1350,1273
1880,41
1778,2245
307,3448
1060,3426
2,2812
997,2848
1607,4992
802,2609
1437,905
900,2915
1170,524
987,1342
1876,4887
1014,1216
95,3161
678,1001
236,656
1474,4584
1018,2089
333,3972
766,4497
315,131
695,1584
506,1419
1360,4189
1661,3134
971,701
1051,172
87,4855
1977,2552
1249,1096
1471,1926
237,2813
841,1530
983,4094
834,1756
70,1360
1401,3035
892,1468
840,1278
766,309
972,2400
34,131
1610,2916
1677,1923
1556,1862
396,2469
1041,3402
55,2139
879,3340
431,2655
216,552
1032,1340
1221,3225
1434,2057
568,4094
633,22
839,127
1826,4503
1055,425
284,1073
736,4351
379,3296
1604,640
1132,1813
591,4347
283,4231
209,2067
419,1382
286,4236
1793,4676
599,2252
496,4231
4,4294
1543,4686
406,810
268,3549
321,443
677,2293
32,2555
1105,2474
324,2434
103,220
1956,1822
388,1372
1558,995
482,1973
41,281
1059,2479
598,3087
467,389
398,4719
921,4760
867,1491
1803,947
1364,2068
1204,4065
1262,4235
1568,3524
85,1226
331,464
57,1393
401,3189
927,2481
694,3670
1646,1350
590,580
970,47
185,4961
1449,2004
738,4881
430,564
1796,1294
423,3557
1274,4632
1594,3819
1394,1021
29,2620
514,4126
615,465
202,2053
1210,1614
865,1845
1092,3019
665,1225
1556,1204
1910,3651
1399,3472
1068,1386
439,1858
1621,515
609,54
846,3902
540,2169
1928,1197
390,1178
1780,2265
1924,3707
1568,2611
308,62
1977,1089
1777,4182
1209,2678
1857,1438
191,4846
1762,612
110,4921
1142,4839
1500,117
938,2565
599,884
683,1292
43,2652
177,1420
1568,3900
324,2113
334,357
1803,505
1870,1498
1825,4236
1505,582
123,3291
136,3001
1901,518
956,3494
968,4551
1644,2848
579,538
515,782
1344,2327
996,597
1828,4362
885,1749
150,1071
1791,4709
313,2755
1588,1640
1068,3856
1238,4496
665,4863
274,4749
1163,4093
72,4763
1674,633
960,243
433,1480
582,785
77,798
120,2188
1555,2523
569,1260
61,2776
1508,987
1088,3811
1972,1579
616,4755
1900,2679
145,2137
1893,3686
55,3375
827,2171
334,2009
1757,1812
1208,4751
492,1134
902,4681
1162,1373
922,3118
1627,2870
75,967
1154,4407
22,875
648,2320
1062,2832
909,2361
1227,2936
124,2320
1643,4800
249,3483
1431,2177
1959,347
1331,4979
1238,4751
1126,3527
112,4417
1941,707
1483,1815
1395,3917
970,1967
937,4530
56,580
928,509
984,3299
1058,4002
1815,3227
1524,311
579,3021
436,986
749,1446
1751,4868
409,2546
1837,4908
1506,378
110,2398
1550,3831
110,183
225,924
637,3312
814,4931
1279,4536
587,1505
29,2675
1097,4236
1097,4007
50,4949
1795,602
1807,1888
98,1233
200,4893
122,772
36,3509
1392,104
1068,3656
1880,1319
1539,797
162,3325
1475,3256
1988,1303
666,4026
905,2093
1987,1832
588,4372
273,3048
1157,328
1607,4994
652,1095
1796,3698
1803,210
1008,2679
1064,1039
295,4500
1582,736
632,887
1466,2776
112,592
1225,1630
1493,4599
603,3798
1410,2615
1294,2669
699,1062
948,4247
46,3392
777,2150
867,1814
693,4667
1492,819
1638,873
1729,274
956,4488
1217,62
1485,3260
1366,1619
492,2812
584,3798
1477,4604
971,3978
880,2813
911,931
66,839
1569,3789
123,4756
1107,3206
1297,822
762,1481
1058,4512
1579,1740
713,4743
171,259
528,2482
1001,945
431,2778
1568,1995
155,2651
833,314
1442,1361
1994,4318
1963,2790
1121,1949
1404,2237
1538,251
629,3409
1856,1351
832,1028
936,3337
296,4697
98,4187
662,4000
113,3529
476,1366
510,4397
1962,4901
474,273
1542,1834
1497,4572
910,3055
1507,3045
1593,2819
1140,1302
434,2308
85,2154
1330,4809
158,683
1727,2001
1004,1606
1336,130
355,1197
1771,2044
800,1318
115,3430
954,738
445,4244
1503,3397
1651,1309
701,3941
1897,4748
338,1674
35,3851
40,4195
1349,486
388,2663
1184,1550
468,4349
716,1216
1807,546
1810,4227
1471,2546
1173,903
1290,256
824,2735
1159,2954
1026,3593
1630,4525
1153,3405
155,102
38,1274
84,3376
989,2250
1714,2425
700,575
775,1917
1606,4060
871,2150
430,2673
798,2840
765,2626
364,67
1630,1384
721,1802
1273,4530
862,3498
365,477
170,4668
1732,614
1343,3542
1933,375
954,54
725,4432
678,2105
1053,2019
1559,1625
788,287
1593,1209
1295,1781
1615,968
746,4491
264,4451
358,3857
318,4953
1927,1728
1863,2238
1297,1561
736,999
59,4958
90,4271
1361,4471
1903,3771
716,2518
449,3157
1294,280
301,61
631,4137
937,1928
1783,2888
1456,2493
336,247
1132,1386
667,1286
1363,235
1374,4302
1806,3959
1706,4775
1640,4421
981,3324
812,4269
511,2880
1498,3025
495,4333
400,3278
1508,2023
1372,2391
443,3914
1224,49
682,1944
945,4798
584,1409
1915,1098
265,2824
499,776
581,2801
239,3589
868,3797
987,1533
1922,3208
1858,1503
946,189
696,2229
723,4089
1511,3381
1172,1700
1925,4418
1132,3964
529,961
1222,3628
1210,127
1462,4778
1550,2410
1629,1508
1892,161
1131,477
1506,4555
1616,4198
367,2067
721,84
377,274
1588,4099
12,3825
889,3869
1252,4675
333,2419
1353,4727
431,4711
150,2712
1335,1411
1462,2684
1930,2523
1547,4448
380,2127
1927,10
139,1277
1322,3054
914,1768
613,2594
599,4645
167,2019
1767,3670
726,3703
1380,4981
238,1670
723,3405
1461,890
996,265
995,4995
1814,1651
1506,3521
711,806
680,2890
508,1386
621,1263
1031,4581
64,3331
642,1093
1330,676
788,1147
1454,2957
1185,4230
1128,3467
818,2716
2,1406
1063,2025
1751,3594
1620,896
1329,158
582,3378
1580,2665
1428,3062
1754,4215
1606,1082
1597,1262
152,1471
203,2685
1020,4893
1474,2131
730,401
1719,1898
922,4772
600,4721
1142,345
1465,1264
16,765
321,4259
440,9
1625,435
806,3550
207,4911
1205,1798
1012,3618
616,1403
270,2752
512,4500
1544,4418
993,4544
1350,351
1754,3181
1897,749
842,1113
453,2055
871,353
1848,4011
1897,4132
1900,1434
1693,4073
929,4909
559,3915
1120,10
772,1929
615,3931
893,1172
953,3401
411,3118
1553,3662
785,821
1979,2787
518,1231
1774,2089
852,353
1335,3439
1749,3493
369,2599
1769,698
437,259
1677,1109
1233,2115
434,4391
725,4863
509,1532
447,425
579,3991
1584,4035
687,3524
1903,1048
316,2076
1596,4274
522,4396
742,198
1000,2708
222,4592
447,4976
1722,3861
1727,1990
167,2892
360,806
1541,295
457,1907
1389,4102
501,1425
1263,1482
1540,70
53,2726
1971,522
204,2895
1618,663
1562,3212
449,4877
946,2485
154,270
1946,3848
616,2021
1875,3150
1642,3585
754,2894
1217,4641
1934,4962
535,4284
984,3127
1013,4582
1405,3120
1556,1303
1683,1115
1642,94
1758,3689
39,4790
1317,3946
35,1638
449,460
1116,1152
1243,2950
1313,1208
26,771
1675,4041
1611,4514
1188,2196
474,638
434,3720
1005,2489
150,1746
1211,379
865,3943
1142,508
1090,2304
1620,1072
820,2214
388,342
1592,2959
83,2860
645,4024
996,2561
1099,1750
94,474
1076,2261
935,3076
1494,2774
723,4883
1616,3703
1891,3642
554,3613
917,3436
1997,4297
543,4952
212,651
616,3444
893,2032
444,4155
201,987
39,4106
1109,3498
1627,3195
1367,1807
1752,4358
513,2686
1122,1976
769,397
874,3860
1286,2084
1358,1169
1221,2103
1157,4599
1037,67
718,3734
1795,914
1867,265
1609,3905
1058,2341
1412,4825
877,1283
1410,1746
1420,219
935,1224
1048,347
129,2292
693,644
115,667
1147,60
1947,638
1685,2853
1074,2699
1284,4266
893,4610
711,432
607,3987
464,1989
390,3989
1049,2642
801,591
316,842
792,771
1929,4418
1535,586
1354,245
973,3034
1401,3215
169,2714
86,4931
616,1713
1201,2403
738,1181
805,188
1543,1349
1942,3835
908,838
320,3822
1722,533
309,3404
266,2539
78,3242
810,4854
232,676
355,3227
1613,482
618,3637
296,1600
1865,703
1440,1759
1137,1950
1436,4498
734,779
99,2254
522,2357
1381,1529
564,4690
1847,3924
730,3410
1893,1825
1131,4922
107,3138
1893,4979
919,1067
139,3615
223,4252
1114,30
1329,1904
1881,431
934,557
1739,1250
706,4113
909,2715
1976,2654
1608,1706
1038,3768
1193,3413
585,4991
1960,845
117,456
248,3908
51,4037
641,1853
42,3022
1355,213
181,3329
1361,2179
1459,4471
1636,4104
158,4136
1772,501
1214,2425
420,4779
710,1845
660,2024
652,3072
251,2728
1884,1358
1968,4469
99,2859
1709,4474
67,1106
43,2469
450,4779
1360,5000
868,108
315,2110
910,1502
540,4443
672,2613
1890,2950
1713,3317
1587,963
1026,2616
1172,4885
1706,160
473,2403
1799,4754
813,2737
1602,4883
1308,2450
488,4145
309,3914
481,951
1408,2802
1774,681
853,3977
870,1177
1871,2011
173,1774
1594,979
293,2593
1865,1442
1063,2511
1802,864
1136,1040
91,4041
1354,2165
1770,1326
1024,2933
1082,925
247,1292
944,3206
317,4505
423,730
696,2286
1558,1564
532,902
1032,3669
144,2712
285,1668
98,2781
934,1067
1584,654
163,3112
877,3687
730,2176
1110,2168
1609,832
1552,298
181,685
1521,719
323,1263
617,3467
565,3765
1206,3044
1464,1124
1756,478
670,31
852,3980
675,146
1179,1894
895,4350
1512,3272
1794,4382
230,3179
541,4761
1940,1992
1096,3293
927,1306
381,2264
293,4366
845,4879
1235,2590
1307,2695
70,1850
1591,2225
1274,2518
1063,3008
512,1148
1670,1471
128,4420
150,3950
1948,661
1098,1016
1853,1821
1987,2575
485,264
684,3591
524,3373
460,1897
555,2723
1869,3751
578,1623
416,3547
1024,2612
1991,2172
1980,3740
1340,2885
1451,1898
1425,4649
516,637
1660,3240
1074,2096
659,1854
783,2149
1366,4456
1290,3643
592,4015
540,1115
505,2555
92,2911
1919,4524
1334,3605
1246,1506
1417,4542
155,1166
728,2748
230,2737
454,1
1322,4655
1220,4873
1977,4586
1020,1809
703,4088
680,4370
809,4780
1244,1968
1053,3191
891,123
946,2045
453,2112
1846,1026
939,56
168,4868
1718,3958
1981,2382
735,1983
487,4621
1392,4727
736,1124
1551,4720
1444,4365
1727,3899
1944,221
1775,678
1437,161
1709,583
1304,2749
951,4617
610,2863
197,4643
530,4560
655,4969
1274,3257
832,4107
123,3647
572,2756
1203,4545
564,4558
805,1237
1058,1417
915,880
1259,1178
1699,696
1917,4302
1456,1692
1621,3220
948,239
783,431
1982,755
1109,2816
1544,2973
869,1114
382,4702
1199,760
982,4963
624,4464
1855,3279
117,2189
607,4002
1677,2226
1169,3742
553,2719
1215,3858
771,1895
1786,4613
1211,4382
1464,2347
1450,2183
326,3467
219,4536
1900,2914
582,912
1528,3042
1182,419
98,45
461,4823
1080,2586
395,268
653,2778
758,91
1513,3636
1669,4149
1920,3502
595,1790
1520,3797
345,1615
1566,3913
427,1159
1758,1639
488,2832
579,1967
1084,1136
643,3120
1455,2769
1281,3636
534,3887
600,3194
1939,1542
586,4427
931,3415
62,4952
1552,1776
1149,605
510,389
1294,205
1614,3593
1557,1073
895,4660
719,4663
1861,2238
1594,1894
1176,1152
1200,277
1772,1900
1173,1083
428,2915
109,4367
1248,4411
515,4789
876,2782
310,4091
900,2910
50,525
5,3226
843,161
526,454
1319,90
534,4250
1351,2028
1397,2898
1144,503
984,514
1582,4112
433,3151
178,4322
634,926
1415,2723
1877,273
1851,3253
1063,4486
1153,2659
286,2808
7,3164
1435,1096
1629,2359
583,62
1176,2562
295,3567
969,1037
485,2910
41,3162
1591,4992
1832,917
975,4494
1478,4297
537,67
738,2043
1154,3153
864,1630
1180,3327
366,599
204,537
1049,4564
1711,2963
1551,3499
892,2631
1339,3091
1528,3781
927,114
1632,1623
568,2921
263,2056
500,1474
266,1307
633,2003
1163,771
505,771
1019,992
1759,1519
1007,1692
429,3930
913,3454
856,4677
202,1672
1273,764
1574,463
1555,3631
1603,1164
1577,2158
245,3705
4,3350
1847,1524
571,2414
1419,1986
1369,4380
1453,587
1382,4319
262,4813
36,40
158,3938
1333,1424
634,1652
1880,1822
1535,4268
1860,3799
1266,2831
142,4115
510,4282
921,3816
1029,4810
626,3410
1753,2397
256,164
1649,1293
1728,354
1580,1422
1060,3113
1691,2687
521,849
1443,2356
243,346
1032,2987
1951,2762
1068,4401
1326,724
457,4247
1522,2356
1253,3400
1234,1135
888,2713
184,4583
1304,4119
524,4422
1341,4681
1523,4163
1884,1402
1234,2074
651,1201
1582,313
1461,4453
936,1599
674,4073
1809,4870
1399,313
932,810
42,2261
916,4774
658,49
451,2200
93,2226
707,3846
1194,2015
63,2091
1515,2595
1133,1510
355,3431
1156,4877
946,3081
1130,1441
56,4266
1549,2593
897,2667
1478,4110
86,3391
700,581
1550,2966
328,709
1812,2414
1299,2832
1206,389
1703,3181
1068,4885
1412,494
820,4783
1692,4712
264,4336
793,3899
225,2395
975,3610
1999,964
1734,1447
1386,212
226,3263
1124,966
575,3676
196,3091
361,4619
447,2444
449,3042
1257,3481
1712,2075
1407,3425
1971,1252
1417,3847
1164,1452
1819,3369
559,820
164,1193
1361,3659
351,3271
1607,1914
1325,767
344,4049
982,2616
1701,1512
519,374
1960,2675
840,1220
847,176
475,533
155,363
1576,3732
320,2645
889,4788
1888,4758
1270,3433
1122,1283
1693,2038
903,1653
1061,3030
1324,3898
1928,2615
1372,2626
1864,873
503,1719
1518,4437
802,820
17,2994
55,3249
1495,518
194,2132
736,4401
1266,429
171,2643
1603,4252
818,10
1088,1820
1575,4419
730,4327
1026,713
1910,2157
325,4278
815,3876
1037,313
806,1878
141,4871
829,4979
985,3277
85,1263
1284,1358
1693,2280
886,2251
1546,2526
239,1851
1328,4555
1823,2511
1121,24
1054,3003
1955,3899
107,2900
1039,3634
1120,2539
1538,2298
278,3950
410,3840
998,4276
177,3080
1918,3687
885,2120
1261,1882
741,4061
1157,3222
250,562
728,4765
781,2413
984,32
1001,201
218,758
885,4456
702,4749
1268,959
96,2495
534,4118
1881,2879
1110,1541
587,3486
234,2136
279,3370
134,4938
1178,1187
1687,3050
1258,4593
349,3025
473,3320
206,4962
1455,2892
1245,1887
963,740
976,679
1815,431
268,2807
168,3623
999,1336
1377,205
669,2333
1704,1768
338,1038
472,1038
112,4896
1141,867
1330,803
1455,4181
101,2522
801,1213
1062,988
726,3254
1296,3141
1008,2674
1620,1252
66,4901
1250,4193
1697,2667
637,1455
761,2982
962,757
1409,1971
177,3456
154,1752
1360,803
539,4074
1862,1953
926,4483
544,1937
865,2258
1407,326
1370,2430
1714,4943
841,588
359,1339
463,4843
774,2749
54,1642
1506,4361
1015,2094
610,3028
868,4784
636,1243
601,3208
1124,1034
1879,3596
203,4101
1011,4540
1930,2329
102,4463
477,1371
1576,2740
415,493
1175,4382
1115,1106
805,2341
406,1841
1383,1823
1909,3596
390,1833
200,955
735,2282
828,3227
1330,1408
5,4880
1418,2046
1292,2873
1777,407
617,3458
1837,1212
352,2251
1136,347
783,2703
1949,635
1321,1066
384,1651
1342,1125
1424,1164
1906,3153
896,4980
607,2073
1166,3757
1548,412
870,497
923,2575
1629,4723
1064,4685
431,2786
1026,4164
1100,2127
67,789
979,1837
249,2486
1154,4578
1680,1884
448,1383
331,2555
716,2366
41,4708
1421,1889
1013,2589
841,3071
567,2014
823,3697
682,2260
1048,1829
788,3410
327,4018
309,4873
596,4408
147,2330
1440,2289
1616,3454
1745,2107
24,4596
703,4655
400,682
271,2029
1876,3758
98,3498
1075,1265
1654,4096
854,4006
1484,1958
1387,2520
231,1812
657,1920
34,746
58,1103
779,3603
1971,2985
340,4953
1332,2998
420,1455
1660,319
1658,1707
149,2389
1838,4792
1926,4639
1076,39
1952,1430
914,4178
35,826
76,827
998,385
727,3534
1209,4769
1644,496
613,4186
612,1517
1613,99
300,464
833,3142
181,247
1648,4523
1777,2193
651,4828
264,3399
1807,4287
1482,326
1853,4403
48,4040
798,3077
1486,445
575,524
1738,925
1358,2101
1156,920
1641,4641
1751,4247
1400,3266
234,2567
1564,1159
583,240
1616,4998
128,370
1721,850
439,3
535,4666
1621,646
865,2326
464,1982
958,2517
863,3677
223,4808
350,419
218,3646
1659,3503
1196,4496
380,4913
1049,4971
75,2816
149,2765
1107,4195
1900,1845
711,3929
655,4034
41,4400
1667,590
932,2356
1417,4091
529,3400
302,4175
1960,4784
360,1901
1416,227
1178,3028
699,549
1146,3978
76,1095
387,957
1123,2045
906,3508
333,4400
16,4464
262,3702
1493,3978
1307,1344
1848,1173
344,213
1027,4444
362,4404
647,143
1693,2174
846,1484
1241,1784
569,3835
1961,124
1944,2695
141,1853
1388,1659
823,1658
866,796
609,1140
1765,4800
1751,4865
1909,4256
1026,3414
21,4124
1750,1230
611,691
1832,2760
903,2031
82,3316
405,4235
1193,3527
828,4597
1536,3112
772,4702
44,1748
880,1266
1084,3476
616,3142
134,1907
1284,797
265,3558
703,4952
1763,3949
311,4842
1427,3182
97,1880
372,4071
670,3499
346,4836
117,2798
1827,1840
760,1672
674,4372
966,1511
835,4246
40,4500
1368,1033
356,4211
1002,4588
391,2219
284,2093
482,3569
253,299
428,1054
199,3217
736,941
407,1934
1279,4078
1239,4945
852,2321
105,815
153,2283
1385,569
650,2335
428,2222
88,353
1595,564
822,348
789,2386
1911,3015
882,2348
305,2044
137,3628
1993,3956
1456,2556
711,3634
695,2872
794,2851
1035,1745
592,3390
1404,3039
837,2174
959,3857
1595,806
1369,988
586,3760
1317,2518
582,2823
698,2217
415,845
794,649
522,4391
1148,3850
212,1196
480,3162
633,3404
7,3652
597,485
289,103
101,3250
1928,2914
857,3004
1378,4204
860,306
800,2241
1374,4728
868,4102
1367,3520
1883,404
366,2134
25,2595
1830,4449
993,4218
422,1019
685,1887
1373,4210
1304,2124
1691,2570
94,1153
1262,2127
1434,433
441,2429
1918,4683
1243,3053
1100,264
1617,490
1763,1776
1143,2822
138,2549
1296,849
146,3127
26,1813
886,2671
1968,4396
58,45
1894,2232
1680,960
647,3594
1576,85
1548,777
498,3205
138,2899
434,1729
1761,4453
1988,3449
1788,614
348,1167
303,1919
1352,3467
1925,885
1956,2184
1854,2173
1704,657
479,1098
637,223
1406,1488
1963,4560
1772,3006
564,913
981,972
1352,3588
1732,611
423,415
1350,280
1895,80
417,2327
164,4096
236,4201
324,1870
1072,4473
41,993
1003,3619
1302,2720
918,1791
140,477
1349,2014
920,588
1685,2606
1315,3598
157,1060
864,1447
1683,318
566,1753
1672,1849
1704,4053
80,2533
685,2613
1473,4120
549,3506
1636,3360
423,886
1271,4659
935,51
630,1401
1244,806
421,3442
1438,3789
919,4887
1566,2254
1256,3489
110,3994
1765,3137
1438,4957
452,1479
1544,3892
1692,3790
711,2642
1939,4192
1641,4764
1350,1582
708,2344
775,3337
888,1228
1534,3325
1312,14
912,2753
1206,2971
449,3288
1331,1690
818,4323
539,1232
1197,4090
1677,3495
1326,4729
1594,1511
398,2424
1299,3320
905,1703
1569,2686
956,473
365,1200
795,784
72,1621
1472,1935
1939,4555
1863,1793
578,1200
1658,4542
575,902
29,1372
523,2432
901,3287
1362,235
1577,123
73,3135
319,2373
475,671
247,1487
1276,4103
513,374
432,2664
1624,4786
294,4945
307,3423
133,3307
217,2712
1229,2944
676,4458
1385,3228
1916,3093
1164,3000
1376,4805
404,3477
1517,3532
515,3722
675,3711
747,3062
1561,3575
468,4401
1428,4214
1199,190
1939,717
1825,3096
858,3832
185,2800
782,804
1356,3062
671,3188
1008,100
634,4060
942,3947
1041,3135
506,2562
123,4258
1897,2827
1124,2648
852,2189
444,2098
346,1563
203,1743
490,4725
1575,1766
1316,1771
531,1730
1639,209
603,1569
26,2231
889,4821
1197,2722
159,3026
842,50
726,4305
1151,3774
535,1327
843,3429
1782,4580
426,4538
204,3671
964,686
809,1795
1538,921
610,1851
713,286
885,1561
1862,3233
687,1051
1368,2432
537,2275
1966,846
1878,2948
962,2158
413,933
1886,2314
1378,1844
275,1228
1355,4075
690,4624
984,2856
605,2042
543,935
1363,2623
1908,733
1345,1788
1044,2614
1476,56
628,1881
10,2771
676,4029
91,895
1130,3970
1904,1378
207,23
871,1760
626,3161
1125,2579
1873,2967
1317,4964
842,3688
1289,701
1282,1745
1222,4848
1313,1997
721,136
1492,2228
1080,3452
274,2830
396,1773
365,2194
125,2707
899,4050
506,3301
1711,2393
1458,2967
658,4109
257,796
1141,2536
1106,3976
800,4458
1734,1064
1221,1482
1393,542
1866,991
102,2844
1874,4787
819,3690
1944,3799
739,3401
1823,3738
1291,4143
1564,4975
1917,1343
899,3245
809,2534
1303,891
1542,3351
57,455
876,1312
1287,92
1066,2604
1754,2978
1461,1184
1225,4583
1614,1426
1311,3869
328,4072
1073,550
622,2600
62,2906
1218,2365
939,964
1441,1885
499,4600
631,1787
1792,358
1228,3174
1290,4577
906,908
226,3135
1391,3582
987,1277
1377,1203
1972,1083
1211,3651
490,1868
1907,3583
1332,908
1141,4309
1805,1091
710,861
1281,1845
854,2037
1170,2916
1362,3123
1730,1038
596,1863
1995,326
1384,2387
494,1586
879,3383
282,949
858,2048
1105,2154
453,4214
983,4379
1444,1327
1912,678
556,636
1263,2218
291,890
129,74
1219,162
1004,2223
1289,406
978,1941
909,2107
788,2046
1681,637
983,1238
1373,1918
1576,1752
1478,1217
1669,519
793,1114
1671,4241
214,3127
186,3294
1141,1302
344,4405
617,1302
1529,1155
1133,2121
788,3106
225,3932
861,615
761,3646
1974,3905
1855,2456
41,4525
810,3804
1550,1362
1293,4675
44,2544
1816,4716
1577,2219
15,4472
313,1133
1519,4614
1348,2517
1818,3220
1494,4557
331,3661
1344,826
504,3589
220,1844
1560,4093
1809,4568
1991,4316
1260,1128
396,3009
1325,3472
1581,1183
321,620
200,4760
463,1198
544,4829
529,4935
813,4465
159,3712
1272,4750
432,2787
1313,321
955,613
1782,3280
1234,3411
1736,2117
1006,4752
1968,1191
756,4052
885,2476
1472,1024
897,3533
1863,3097
1020,3603
1968,144
1423,2007
1593,4633
1617,4990
500,4247
484,3485
1382,2649
1729,4679
1024,460
124,698
996,398
450,1622
1251,2839
845,2151
1194,4291
1369,2831
1724,4456
1246,1448
251,2846
612,4020
449,875
306,1469
994,1614
1324,3475
1960,387
525,2038
1813,1128
1636,2249
533,3619
708,2159
691,529
1864,1847
1150,2275
1709,512
224,1817
547,4951
975,1456
618,401
1162,1053
821,760
399,771
624,3333
72,2362
796,178
1733,1256
537,2398
1855,3087
201,3388
1951,1334
1209,1929
694,251
1967,561
236,3345
1562,2956
1457,1213
569,2242
904,2986
664,4960
1609,3970
141,4919
1753,3197
827,4200
1763,1404
51,1498
1768,1519
1944,1681
32,4639
482,3118
1915,3380
1913,3536
1400,1473
701,3687
658,836
723,3217
1148,471
1707,169
1436,120
1210,4732
754,1483
1010,1409
1171,1771
1589,298
78,4583
563,1888
1991,2035
1624,1460
693,133
288,2299
1964,1528
608,3472
485,4570
1865,2983
1760,3455
1226,1535
1315,72
1490,3042
423,164
1563,3291
771,4523
1167,3062
1235,2937
712,3650
1448,3984
1190,1245
517,213
308,4240
1631,429
999,1613
1801,86
212,516
1917,1466
1113,1900
500,3134
529,1849
1183,158
341,337
1915,1770
1613,3125
823,791
632,4192
186,1402
1454,99
1832,3169
1302,4926
204,224
448,2799
748,2539
1777,2186
1113,974
73,4615
525,4187
1996,769
1898,1429
1609,1326
798,3299
806,450
1365,2134
107,2398
86,1521
822,4595
343,4826
393,4189
178,63
1602,4935
217,3963
1588,570
965,1382
1063,456
1985,2192
1095,2623
1884,2820
1825,3408
1312,2099
921,2214
1457,4180
1476,221
479,4498
78,1939
690,480
1144,4888
1951,4422
359,3386
47,3528
1719,4530
1301,1573
1737,2369
89,2707
849,3398
1139,693
81,1311
1390,46
865,1393
1278,1562
804,1117
83,3572
28,1421
1266,2868
249,2063
768,4614
11,1188
157,2474
1798,1682
12,1827
1037,308
436,3057
1544,3788
683,4920
1490,2505
404,2058
1259,357
1580,412
606,4673
1425,1292
812,2297
1687,3958
1472,4033
518,3513
253,1781
973,4322
436,4117
381,2195
1468,4264
1645,2914
888,1245
313,1014
1957,1688
778,4231
644,4002
120,2541
987,2126
739,75
1054,1133
1611,4
524,1318
1744,2519
1917,2676
219,2439
745,1960
898,1007
1547,1187
227,573
736,2665
818,489
1181,1066
391,2896
1927,361
1192,2127
435,458
1984,114
1582,1531
933,3300
1924,2692
167,3538
1475,3354
1378,3458
1541,941
286,4657
1370,76
1721,1582
117,4885
1191,333
1225,3593
1021,1319
1697,3588
716,4655
1201,4175
554,392
440,3259
70,2265
1295,3810
765,4776
113,686
185,4201
297,4708
1236,4398
1771,3510
38,4942
1077,1372
1506,2946
233,3087
856,97
675,3957
1912,2587
551,4416
867,4127
55,1997
1545,844
929,575
632,2274
1284,4186
324,4144
1103,4111
200,3849
876,2671
413,695
795,3729
1225,573
124,2807
1706,4818
1095,463
1249,2364
1865,152
454,4375
750,3205
987,4838
1678,3938
1317,283
1537,323
1223,4297
676,3670
1882,1489
801,2618
1287,2740
607,4967
111,3339
183,4676
178,131
876,927
1130,3732
323,1946
780,1633
951,4898
1825,3476
1078,4710
1842,3645
918,1045
747,2624
1153,1622
146,3683
1400,1462
491,3866
527,3523
255,3626
1865,4945
1249,2498
89,1607
664,4962
1794,3200
1039,2395
1189,2568
564,4731
457,4110
367,1184
1504,4831
1168,415
409,2349
1655,533
1888,2956
1852,1047
57,1372
1847,1642
1764,4088
1043,1588
1349,3617
10,2199
1840,4083
427,2258
850,3115
817,4924
1949,54
1441,816
866,3059
1489,2055
83,1667
941,1432
1980,2558
889,1242
391,2722
1225,4345
170,3248
655,28
1942,990
1923,2926
605,2422
364,2030
159,615
530,3002
1247,3057
712,2484
237,1208
851,2828
1978,3801
1752,4212
1098,3459
1497,2939
1660,193
836,978
364,2151
1967,4551
477,3260
1005,1430
597,4345
681,2538
755,3241
227,2856
760,1370
646,2251
738,3008
165,3375
1892,3855
195,4715
489,4933
1127,3234
179,4478
1307,1889
1723,2999
1537,365
1155,34
379,1799
948,3942
1163,1615
688,2554
511,1689
1407,26
575,4599
531,4004
1348,3997
873,1489
1544,3414
1353,1897
1984,3686
965,1492
1550,4360
1655,4413
734,3545
1732,3879
1023,3419
412,1279
897,799
1821,3170
664,3486
1182,968
1557,91
466,3730
1529,1012
452,1351
1453,3417
317,1163
40,360
1848,1960
1727,1670
1694,3708
1548,4179
896,1513
1107,3948
1267,1914
458,1287
1695,4872
1707,1957
561,476
1288,1973
1694,4647
820,1639
1037,4377
1258,818
1927,913
772,2093
987,3967
856,2501
434,1051
1191,993
315,3574
516,3335
1987,2132
404,879
1983,2427
179,3686
1328,4418
1089,1921
1916,4817
753,1706
598,1832
1604,795
1499,1267
1375,2692
289,259
1397,990
1204,3039
1639,2967
1233,2279
1059,177
1248,2853
673,2356
863,1699
183,3926
276,1939
584,2809
1771,1847
1800,333
1349,397
929,1006
1124,1218
380,3164
1839,409
978,2295
314,3069
551,767
656,66
346,1072
110,41
1660,4086
1190,939
1310,1758
754,1540
726,3693
965,3975
146,1657
1555,4972
1856,2685
1596,3512
345,554
800,3578
385,2841
808,729
1590,2162
800,4517
910,2174
1906,4613
1111,4150
628,4410
1617,3692
1968,243
1708,3093
1101,429
329,1081
1396,1020
125,3008
1727,73
1539,4977
546,2018
881,4977
1105,1487
1218,3350
213,4060
1476,3874
1976,3931
1824,4557
630,2362
322,31
619,1449
1916,1113
734,2190
1871,3622
1721,2860
1390,2760
1782,1069
813,1436
1238,2891
682,458
1464,1891
1304,4642
1765,836
1591,1703
1103,3871
544,874
1235,1960
1443,677
1465,2651
847,4295
637,2499
1910,4758
418,920
1526,3829
1230,798
793,4998
29,1862
973,3882
1927,1665
724,4080
1971,3169
1331,4529
959,2671
1695,1773
1134,3197
1507,1722
834,690
1548,2248
1498,1902
622,3251
278,4673
1479,1394
921,1332
1174,1549
1234,1563
1481,3655
1944,3416
732,1581
1568,4068
1254,1397
1789,280
799,1527
693,3023
1892,3347
206,2410
990,2492
235,896
1415,978
575,3970
604,4671
1323,4358
1724,272
951,1517
1842,4694
1,4112
634,120
1946,321
836,4913
1305,3671
1184,937
190,2708
231,265
758,1179
424,4043
1312,2519
792,4210
1065,3847
710,3619
1099,4626
881,239
1620,807
1415,1341
1055,4970
979,1713
1782,2037
1341,2331
699,2827
740,4814
1361,1751
173,2488
484,2121
1680,4914
731,537
1899,1511
1837,633
245,3007
1186,1346
1518,3805
1079,2940
1108,3641
158,2072
640,3307
886,2545
1260,2463
1263,3929
962,554
251,1253
1771,4601
109,4287
1907,3213
1981,3162
1019,4508
1747,3749
358,4991
401,1426
1807,4029
1949,2163
1565,3449
489,492
1045,444
1012,267
230,2483
180,2891
1584,200
270,4999
1486,2523
1450,4815
1839,1658
1610,603
1608,1991
1321,4930
757,687
1360,3875
1618,4399
558,3187
978,3544
1117,2656
1676,2125
681,4755
295,1272
1150,1032
257,2212
582,4712
1091,2374
1051,1026
1491,2759
746,2605
216,1393
1867,3275
984,4648
1910,1430
397,1670
1061,2882
829,3313
809,1614
1196,4009
714,4006
373,1232
1718,1610
358,2092
299,465
517,1627
764,2487
363,3375
1619,4987
1892,4099
1894,496
976,3309
138,2210
1337,4254
673,827
1715,1433
1615,4464
1744,4349
818,4305
339,3812
1168,3142
913,4313
1725,2013
1255,3784
1769,4005
1731,3484
812,3443
1734,749
741,4731
722,2503
419,4680
68,3699
885,1972
604,3450
533,2981
1989,746
1001,3086
1020,3099
1835,4709
246,2924
1290,4128
1372,3672
689,2218
570,2755
1134,353
1445,2201
824,1588
1509,1462
1421,1349
1725,269
1381,4431
1778,4067
1096,3215
1808,3192
1794,3028
1287,716
1268,474
1433,3022
963,2807
992,1293
1661,634
109,717
481,3706
548,498
1771,4185
1633,3955
642,133
869,3330
569,4758
1763,2752
228,264
1028,842
90,4760
938,2117
413,3464
2,446
1963,3079
1775,1042
1895,1632
900,549
382,852
947,2058
943,4797
1392,2408
24,4298
411,2721
1413,4453
1918,4854
1904,2970
596,3413
1661,2754
377,3783
1952,422
1215,4101
1822,4513
239,1045
373,3260
557,1620
1656,4746
388,387
515,3838
1256,840
158,1322
822,4520
815,1097
1835,4159
364,1161
1033,2488
1881,4046
1318,2886
499,2554
433,2200
402,4836
1006,1604
1722,1020
1024,3836
1708,304
1369,2824
1899,3807
1028,4480
1649,2878
959,2660
1387,3632
4,4130
1447,2370
163,3894
1716,2006
699,1164
595,4490
1955,1470
1345,4924
1404,3841
1813,4275
242,1864
161,2922
699,1285
1230,921
1744,3128
1109,4832
223,2753
1420,264
1432,89
1690,1845
341,4731
561,4963
712,702
543,3145
1873,505
1914,4707
1929,1080
764,4541
681,1803
1233,1047
1773,4704
255,1402
933,297
387,767
1703,4645
1108,1052
1560,2610
1446,293
1748,2846
163,766
1577,978
6,4229
816,3509
1499,3539
1692,699
702,2212
1127,3667
867,2279
1550,1518
1624,2258
803,4509
1465,2908
608,2055
490,1245
987,4266
756,3616
976,3619
341,2879
506,2946
1421,1525
1152,583
599,2585
1963,3242
172,791
1066,21
1235,4903
1779,3606
1061,3555
1751,1521
1561,3612
1812,4951
291,375
727,2928
900,604
769,2107
29,3529
31,1094
227,740
755,3111
1204,197
1402,2693
1815,122
1575,4836
515,4590
628,2252
1822,17
729,843
1799,1282
163,3586
917,1079
200,1438
998,1418
397,2477
1035,2468
297,324
1423,1826
210,1338
1579,2568
698,2590
1532,2227
1577,3461
701,1841
978,392
444,4134
978,3775
140,461
658,158
900,2135
1146,3359
1134,2073
1001,4927
55,3800
103,579
842,918
45,574
265,577
1352,2417
1921,359
1912,4740
704,2610
198,4724
1788,503
1421,3190
891,2207
1075,567
1185,210
259,3428
1780,3537
1945,1884
1774,1773
316,700
1247,3424
555,164
1424,613
313,1570
1022,3198
640,652
1274,1958
1551,4710
957,1985
58,647
1140,157
572,2854
711,1700
213,1460
1130,637
1615,2372
1620,501
558,4612
1747,2262
1781,3307
1736,568
161,1125
508,4387
1934,1721
432,1130
1235,3669
1008,997
1622,2388
560,3796
350,539
774,1998
712,1120
612,3168
794,930
350,1707
1365,3671
1095,3810
1078,1628
811,3233
1446,1529
1282,869
1160,1926
1256,1634
311,143
844,2629
1171,772
1926,4088
527,4642
800,4508
1120,1709
920,372
630,3050
1511,584
1588,4214
1703,2969
220,2886
718,4331
1345,1985
1448,649
930,1706
147,2263
219,1385
1944,3970
1918,4735
1654,4137
551,4046
571,4927
1474,2220
610,4626
950,2479
1996,346
361,4299
757,623
548,1910
1050,2831
869,2756
1211,3688
1454,1194
1507,2518
130,3356
82,4362
1892,639
1654,3211
1064,3934
1112,676
214,1283
1227,3403
478,1558
1782,3396
1794,481
104,3074
1494,714
682,2556
1810,196
1120,3950
1997,2008
403,4538
20,1804
890,3875
1110,1892
1160,3470
1514,3702
702,1609
1562,481
717,685
754,3196
917,1389
1020,578
541,55
1410,504
1600,2062
1015,3129
562,4544
1930,4411
279,1977
1024,1865
1703,2419
1197,3779
1854,373
1955,425
1943,3303
1977,4873
1586,558
1718,4124
715,1231
276,1864
1186,853
864,573
368,4836
717,1048
985,2031
207,3161
276,817
1209,4368
70,4620
992,2155
522,3209
575,2806
831,4718
607,772
1792,4167
350,3856
1062,3796
1917,4347
1461,1852
1531,339
1849,1439
796,415
1990,2610
1678,803
1162,243
45,1944
633,2114
397,117
1426,1750
176,4090
1329,4032
53,4693
656,233
214,3069
1062,4856
1258,4502
275,4742
737,77
1308,832
654,2294
1903,2210
888,246
323,2423
1777,1576
636,439
981,3857
1682,3904
283,2243
1816,457
1494,4607
283,28
804,1420
1444,2800
790,3242
1744,3735
452,968
94,1260
73,2140
229,4868
764,3980
872,4974
1580,1762
1941,2973
967,2996
1480,134
1950,1746
1718,191
1650,4194
1836,183
1812,3209
611,2021
709,2364
1684,1711
746,1428
1701,3112
1559,3931
241,1966
1527,2932
77,3440
1701,1247
1941,2168
1576,3467
1166,859
887,1444
633,4008
1805,28
1791,130
1519,3872
1822,1429
1906,605
363,3137
666,2909
1481,318
1782,1249
383,4772
1000,3657
1029,2143
1485,962
352,4375
861,1283
1733,2232
639,1207
67,2442
1679,3164
1932,3344
106,4090
47,248
222,774
450,2853
264,1414
745,1229
345,4493
1043,2320
234,2676
1141,3380
1581,2898
738,2209
1502,390
483,3151
906,3254
619,1763
1749,267
1256,105
295,2807
1387,2776
1879,498
145,4445
611,3457
455,177
1105,3440
1986,974
320,3924
487,654
1414,519
249,1011
402,21
372,3562
1590,4128
1162,3681
429,1881
635,3154
163,4327
1351,3738
1776,3207
112,4281
1576,4085
1514,3207
638,3802
1927,1161
366,899
507,609
1809,2337
372,4622
1896,4706
100,1948
1827,4606
773,4148
1309,4387
1567,4911
882,2068
1922,3567
1691,3900
1216,2358
1307,527
1515,3674
1210,594
604,2999
526,3345
1973,3734
1212,374
1726,595
1370,2394
1802,4791
1702,1406
384,2888
943,2586
520,3651
334,263
530,1895
633,4760
1803,2168
1465,1126
1432,3918
102,4077
1550,675
216,4593
9,3068
1817,4668
1977,190
1502,1129
13,3187
1973,485
768,87
952,433
408,3487
1010,3821
122,3093
552,2677
1772,3878
765,1509
329,2376
7,4311
1764,1250
351,4121
442,4239
1447,1314
1357,2818
446,1914
494,1396
1958,1237
798,2073
328,1104
32,2045
1477,2590
1737,4163
801,2492
75,2617
918,1845
484,570
1284,3134
1700,834
1832,4400
1342,3075
1890,4341
1496,4710
1859,332
1296,1387
50,988
1127,154
1617,4182
684,2028
811,2806
695,874
1766,2706
1372,2550
942,1276
202,2698
415,1759
936,973
633,3150
655,4895
987,1921
279,1871
1734,4070
192,4841
1701,1678
1520,3589
1733,435
1530,3782
1041,4786
494,2927
929,4316
821,1107
1460,1508
1229,3790
1726,2381
1853,3654
251,1930
1720,1849
1194,1739
1820,215
1813,1259
651,4200
1938,4408
1422,1108
1048,2853
1733,1495
289,2535
1751,3498
1945,102
964,1169
1208,1529
13,1590
1313,4211
898,1983
332,1077
1711,4486
250,4916
877,1816
118,3713
1076,942
1107,292
403,4111
1879,3252
186,1144
652,651
1970,3141
1970,926
1742,1971
1033,3460
1224,584
30,2553
260,1029
1170,1250
316,3819
1581,67
1882,1981
405,895
354,1078
655,4224
1532,1050
1668,3863
791,4758
928,4992
761,1846
138,2658
793,603
1237,3532
66,2489
1012,2367
876,3526
1960,1123
1502,16
1982,1407
134,674
178,4127
1294,4453
898,2238
1070,1261
302,2850
1326,958
553,2203
1070,4415
1904,4089
1267,2714
1846,1115
1608,2226
1367,3066
1946,4436
652,88
724,4128
1328,896
1472,1547
1972,2129
1242,4239
1944,2296
865,88
214,4965
1126,1849
1208,2376
411,1049
1894,3872
1847,3531
455,863
1288,1618
212,1105
40,2570
1733,19
1352,2771
824,171
53,65
1381,3243
1563,739
1987,2006
1901,505
541,4434
1809,3131
1406,1960
327,1701
461,4670
263,4197
1701,2551
390,1757
524,1757
706,1505
1760,916
1357,4175
1582,2307
1219,2255
689,1043
508,2163
771,3031
852,4713
1251,2207
633,3326
1853,326
1132,2781
1670,3359
328,246
1233,1106
1484,4660
1705,1330
1820,1088
1906,1091
383,2104
562,1352
1227,3957
726,1460
626,2276
1061,2204
598,2177
99,3284
1382,4245
1525,2567
1399,4414
313,3213
319,2469
1883,2662
1525,473
19,2887
946,2752
1716,2670
553,1774
1160,3206
1719,4890
415,2069
464,2456
366,1130
846,2292
1097,1874
159,3577
943,1178
1954,4649
772,1525
1722,2865
791,1538
290,1027
1974,871
1216,1421
1966,2444
599,1718
447,4330
161,1263
207,1379
826,3868
404,4404
820,1313
750,4223
798,773
130,2300
235,1333
322,4227
370,2955
328,2958
997,3053
11,3776
1237,1493
254,4177
386,1623
833,2837
1681,2409
177,3435
841,446
734,2306
639,3237
1093,2653
938,3533
1041,2197
1184,556
1264,2242
1905,3699
1800,1993
1595,4742
678,1098
1471,2949
203,805
1791,2173
1679,1703
896,2489
1498,2823
918,3002
1438,328
1014,266
1858,2348
187,3197
350,451
723,733
102,120
1469,4458
984,4709
1056,613
729,2204
1694,2590
162,1339
222,4093
361,2451
1918,1022
486,1399
1112,2090
1021,2497
508,2915
986,1722
1227,2602
1920,1068
674,2389
190,3737
999,3906
329,4835
1545,4574
555,3606
402,3098
1694,1664
111,4383
1979,2062
754,288
1129,4366
1637,4284
723,2143
1874,1258
626,4425
5,3583
1598,4063
734,3958
1145,2509
138,2392
618,1568
1896,4171
1290,2900
412,4846
726,3501
578,1351
258,1935
1147,3494
881,4543
456,607
762,2865
1126,3556
1114,2270
1976,1511
1580,3497
1399,3422
90,257
1100,4092
1820,4647
406,4169
1488,1693
1259,409
422,178
1132,4017
1443,1398
495,4628
1964,346
195,4107
697,1056
1249,1798
631,702
1088,4324
6,384
1225,4329
1261,4023
848,2393
1743,4026
8,2416
438,4215
388,4623
362,3402
140,4521
1871,276
338,601
1512,4544
1930,4791
355,3399
1864,4437
465,3005
1149,1688
1872,1817
48,3656
810,3979
1266,2007
436,1028
1136,2688
136,2951
576,2994
130,3173
455,2704
455,4690
42,3060
615,4642
1281,302
1836,4725
1488,3224
15,1614
1174,1344
298,3659
863,2125
1083,4343
794,2291
1276,2294
1592,4220
50,4762
554,4524
10,1162
704,2253
1612,2859
1380,3290
239,2382
1646,3675
891,2079
976,4109
587,2836
800,3883
1894,249
1420,70
1814,4161
1406,660
1151,3817
1458,2284
411,3963
244,3786
414,2019
1298,3234
1150,2316
1172,2829
1805,2247
475,1211
467,2259
799,4718
1127,2305
1872,4408
836,3553
884,332
113,3195
591,4954
848,4058
1440,1718
1555,3654
944,4520
1149,788
211,2683
1685,4932
1599,1482
357,293
35,242
415,1695
727,2721
544,3502
530,3375
793,42
1982,1893
1235,2144
1759,3541
1275,2674
1920,2183
1457,4408
1715,4703
233,3502
142,3909
551,2616
537,466
616,2745
1950,4462
1215,4996
1402,392
1006,2378
1307,3538
1655,343
1116,3970
75,822
1485,3544
1896,4347
1194,628
12,1705
1997,4887
802,3258
867,1401
1144,1975
1512,4357
27,3410
391,4855
441,2232
320,4157
1261,3957
1241,595
1101,292
963,2802
619,23
1608,3772
1711,4422
687,4853
2000,2081
508,2407
1444,631
1277,1686
1356,3965
960,3965
1330,2744
781,4488
301,2868
834,3102
648,4632
632,1655
1619,4540
1853,1738
860,3505
1541,4886
75,4218
168,4409
1656,2392
313,4275
595,3170
1543,1697
340,2422
995,1599
1879,865
822,3334
134,1536
513,3518
1318,3686
549,960
253,4116
891,1892
423,2541
1713,4444
1007,3501
1731,2808
1760,1523
1882,1220
1469,822
1309,3573
1087,4692
462,2654
1885,2457
1429,1423
1279,2647
1974,3209
1265,763
1619,1520
884,3286
1955,4135
563,2184
678,2134
683,4464
1917,2796
1517,610
1633,4205
1490,4385
1037,3127
1778,2344
720,976
1910,1709
951,2306
92,855
1329,3649
365,3902
246,504
854,4295
446,4241
797,3007
585,3124
530,3188
499,3838
1454,1321
1922,2887
225,4538
951,2427
1464,1780
1740,1126
1566,3225
955,3071
945,3780
1948,2243
1392,564
693,4764
1997,4579
858,2091
1164,1380
830,2029
4,2970
303,1051
1883,4221
9,2267
1230,4299
1199,556
1359,2494
1329,1568
193,2990
1831,2718
510,4131
121,2858
1685,3832
539,3371
1036,1208
609,3844
1445,2130
476,53
1711,2249
1630,3078
1377,2669
1547,865
1292,2036
1631,4242
1616,2133
212,2343
1031,1214
1115,2605
477,1594
666,1237
1055,3907
1442,2626
1291,3891
1852,1972
1079,3742
857,660
1531,4546
323,2187
610,2217
615,4281
809,3329
1982,217
1156,2390
1667,3094
1871,157
162,1946
841,2234
1412,3255
1135,4438
1947,4316
1537,1974
1874,2791
112,3293
1003,3464
454,778
106,1263
575,250
948,761
370,784
1111,4202
708,550
1275,2058
1120,4924
841,3294
806,304
1533,3787
1251,2640
1285,1470
860,4741
1364,302
591,1547
842,900
1556,4444
1869,2689
1392,3518
695,3361
1056,3340
1302,363
914,2173
983,3764
487,4351
1982,3505
1235,3985
436,4534
989,253
61,2378
1262,1314
812,4003
1617,2939
1357,3803
780,264
1766,66
91,685
1571,1022
886,2905
619,4776
1049,2374
548,4078
1525,88
126,2628
477,3380
62,3138
327,2389
1042,4815
1885,1599
1982,2700
1431,611
1892,3975
851,36
1209,1730
835,1260
1375,2665
833,3136
1524,4451
621,513
1440,4982
690,3730
936,3005
34,2379
951,3771
729,3429
58,3904
1990,3584
431,2459
303,1227
41,1227
464,2084
1166,3551
534,4543
1282,4931
1382,1900
1607,4462
148,535
609,3899
110,4215
1705,3307
1851,4593
542,3845
342,4723
146,3616
344,3106
1851,1560
731,4535
1935,4937
1525,343
1528,4061
839,4482
120,1348
1555,3669
896,586
820,1988
631,2503
1634,3669
1995,908
515,4506
928,2460
456,4865
1170,2222
1445,212
1624,2429
366,4154
1546,2738
212,3458
1494,104
1975,2363
1433,94
853,3454
4,2233
757,2699
1469,4891
1125,651
1308,3216
676,2222
84,2347
638,1472
1345,4074
78,4747
1489,1049
1967,1088
1841,454
1194,643
653,1945
849,837
140,2363
434,366
1708,2032
662,1950
1382,2505
114,4296
704,3344
643,890
827,1236
1004,2818
909,3749
1253,3559
1583,3434
1000,1127
1401,3457
437,3939
1495,3092
36,2548
263,1544
1469,824
908,2477
748,1064
1955,1212
964,1591
1803,3329
1397,2641
1894,3447
292,1198
1548,2810
1324,3331
1551,4505
133,616
1121,262
1212,2595
814,3983
714,1830
1757,1348
585,3113
1528,1525
1457,3042
690,160
473,2377
1056,2469
1486,1299
1503,1697
1534,2767
1248,195
215,806
1161,950
359,4234
780,3473
869,778
573,3897
898,3465
1762,1584
213,3362
1954,3740
708,3075
1509,2306
886,866
1744,1126
1959,3037
1771,3740
231,2103
1339,848
1731,2126
1870,2699
328,1218
1386,4572
139,1053
532,3199
1270,4397
1607,1013
1920,3984
1658,4213
1097,3651
345,4312
666,166
882,2450
310,4210
979,3551
781,1846
1302,3238
111,294
358,171
1426,1732
1944,3415
636,3562
1637,4167
388,50
1623,4232
1458,2475
1052,3248
374,1872
1535,3890
1273,4119
1502,3713
1562,1778
1380,569
1589,2140
1749,1375
1045,3208
398,3626
514,805
509,2447
1083,4897
720,4845
1709,3898
1595,2076
199,2635
753,1989
1844,2551
1835,3714
1596,1217
709,1165
874,1232
1679,4406
349,2579
1113,3500
1166,4787
1103,4475
568,3148
1746,380
514,1865
1123,3141
1419,3957
1059,1399
393,3561
1296,588
1001,3380
533,831
665,721
1000,940
1870,2257
1627,3024
216,2063
1312,1700
1360,2680
76,3709
1048,2859
1177,1283
1725,4535
1857,2439
1943,3674
1810,4084
507,899
1885,1454
484,1181
1087,4628
1491,2503
729,4920
1701,4033
980,4502
1993,1172
1100,137
408,1307
50,3585
939,2929
1954,1446
1529,516
718,1240
1618,1002
262,2946
967,4159
1782,3325
1075,1248
298,1556
1275,3228
449,1954
1999,815
1443,597
502,2783
264,3140
1690,474
1249,2983
1526,3749
1928,1285
1114,4744
496,3648
618,3345
424,96
1308,3297
602,4569
1361,3160
1185,2409
615,2781
816,4003
1685,251
14,3086
1971,2042
1109,2535
357,3425
424,4418
53,3428
1708,4786
794,430
38,1844
1000,4470
1738,4170
1944,2289
1799,1642
49,3430
1394,1364
850,4647
1793,844
43,4847
1235,4229
1626,1899
1080,2894
1033,4997
1625,479
1322,670
474,869
828,4070
953,4250
8,3025
1295,3987
524,3844
434,3133
1809,3942
1972,1425
163,4067
1364,2774
1598,4927
166,3318
61,3790
357,405
431,4555
1089,1788
1209,2082
1314,149
1809,4292
1046,2320
1760,909
619,3973
572,1912
1317,4769
146,1511
311,3039
1020,2038
150,3616
1837,3465
1262,524
1542,2793
136,190
1422,3371
642,4199
1870,1023
951,524
1856,1384
1699,3127
1141,2570
1724,2662
237,3103
619,1182
256,1130
1209,2216
1076,640
1528,4413
802,108
1483,2721
1465,3081
1893,3787
492,2282
1624,3599
478,2347
1471,122
1242,299
1558,3016
1613,700
993,3207
1143,2508
1516,1033
1528,2090
1825,1788
1665,2324
421,4738
1231,1803
295,2118
250,2870
1998,2204
872,3856
304,4567
1569,1983
624,4693
1837,1505
1940,169
517,137
1902,3849
448,266
609,3338
179,4279
1662,4362
683,1072
1407,1103
209,3404
1809,2574
386,556
981,4149
1299,2509
58,202
89,40
639,4385
1691,2740
1515,4958
139,2786
716,4753
1974,59
1397,3690
1541,2917
751,4747
1962,4371
978,1491
110,3667
421,1839
1207,4734
1464,832
784,3059
82,3541
1015,2174
1691,2982
1477,2235
1843,1538
991,275
1988,3848
1671,3683
1282,4625
1495,1471
1803,1587
1997,4341
482,519
736,106
651,1496
1456,203
1068,3999
414,3246
214,3858
53,4664
1925,129
579,3727
1415,27
1236,2536
355,572
275,2498
690,2511
1963,771
1101,1035
342,229
674,1456
462,3263
1176,3838
157,183
1717,2701
909,1215
1149,2136
1997,3657
6,135
931,2142
528,4906
1202,4362
25,2336
285,2704
1762,3238
124,1295
1781,1265
281,720
1405,3085
529,1465
1298,4716
1779,559
36,1074
527,3755
1367,1288
449,4626
1340,2848
1316,276
449,425
1849,4940
329,2989
1144,169
220,3985
1421,4907
202,4345
1274,3433
708,541
397,4557
1426,3
1978,4946
519,1019
398,2944
1000,834
1473,1283
146,3928
932,1831
1611,170
1977,4428
1318,591
573,2423
724,606
538,1419
1433,285
1880,3448
1396,2352
1347,2167
657,3181
125,1896
536,676
637,1253
1459,1361
903,1143
959,486
878,1315
1540,1700
36,4941
201,3059
822,1420
985,660
69,2085
1903,4906
1829,2742
1340,4500
1175,3938
951,2244
445,157
117,4004
1182,2113
1194,1184
1636,68
328,2201
460,4343
1673,2350
429,4764
742,1023
1358,1026
480,1548
1965,14
994,3984
1798,1069
1116,2661
1431,1541
1728,4208
109,2315
1215,4626
588,3710
1982,4798
894,2999
920,1968
553,4655
83,4477
907,1211
346,686
1860,4283
528,2383
1969,4455
1382,4924
1327,787
1089,1898
1775,425
854,2260
520,923
1268,4529
1804,833
837,1044
1045,1976
761,4432
1600,4450
1702,2771
1944,4748
414,160
159,1331
1415,4175
2000,893
1950,3287
406,3157
107,4029
1855,3363
255,517
1299,967
43,4044
1966,198
876,4247
1573,1206
967,1625
740,2400
1101,164
836,2633
159,4606
508,293
307,3043
199,2692
1689,1502
1417,3029
381,4389
312,354
670,2048
45,2225
1301,3083
1671,1899
310,3462
430,2332
1980,3408
366,2051
1389,4364
515,3342
998,2264
1497,1682
590,4913
1619,1150
1154,296
1420,2667
971,1343
1048,809
1485,1564
1430,3614
1588,2214
339,4284
707,250
1987,270
1804,3532
930,2739
1463,2973
97,1489
1903,4477
566,2462
593,4551
722,2975
1575,4648
1654,2726
1819,807
981,1694
31,88
242,537
27,2598
863,884
185,3709
318,2518
915,522
110,1320
1877,933
10,150
118,3884
188,2179
1905,2163
1877,2101
705,4620
1861,4308
1634,882
388,2469
565,4051
1404,1588
1395,4020
896,2121
1391,4544
1713,4329
976,4036
1229,2001
215,676
1169,3155
1248,3448
659,3053
1762,1454
838,3055
694,795
201,899
1061,1757
1947,3570
1976,2056
116,37
202,1272
1461,4845
812,3941
414,3114
450,2542
348,2494
1445,2807
289,867
1610,888
473,1213
560,3582
475,1259
593,2712
1701,3406
1613,1307
1675,7
470,1558
368,3762
1211,4976
113,3243
519,3436
1215,3634
618,1429
1934,4553
341,397
710,2186
1620,4622
1225,4766
1739,3001
1804,4150
747,3421
1067,622
1478,4394
420,811
421,2433
930,95
234,3775
196,3254
304,1804
1624,4340
72,1646
1426,1615
897,2025
263,2382
120,2333
1092,3432
731,3655
1959,250
1367,109
43,19
1314,4649
1837,4461
1694,3887
326,2330
1785,4005
1014,3899
1519,99
1768,574
114,609
1108,4436
53,4800
409,234
1092,3674
1372,1742
412,3686
477,1829
356,3754
1393,3787
949,2578
260,784
1899,3595
1467,2689
477,4165
1905,4083
1891,2199
77,4460
46,717
1866,4357
1403,166
1021,2050
1055,880
93,1960
581,1226
1734,3383
973,2275
1668,2800
1845,4419
997,2632
463,4388
950,4735
581,179
457,4344
1818,1283
457,143
947,4437
1347,880
1768,4320
595,4170
710,2925
481,2836
1026,2407
659,3108
1903,465
225,4573
1259,2874
1969,1
673,3945
120,3998
586,4700
1427,886
424,2194
602,251
24,274
1224,5
174,4648
315,4358
1767,927
1366,2569
765,2608
1095,4469
1542,1482
1268,2182
925,3011
1109,1371
1112,3066
1278,2348
240,2090
1764,4685
589,554
822,2482
300,3834
441,804
1024,630
34,4358
614,732
194,4081
1610,956
1439,3060
334,3832
1012,2727
263,3134
939,2370
1417,4883
281,414
382,4667
1533,2062
1825,3631
1460,2715
1654,1534
1966,4509
1569,443
256,3215
127,1115
1076,4940
18,4097
1888,4626
104,2565
344,1234
471,1046
118,3631
1617,2032
1625,1893
1800,4863
293,4157
1497,395
1469,2548
238,700
1131,3721
148,1709
1325,59
1631,331
924,3916
511,71
1190,2315
844,1678
1792,3174
1711,1263
474,4619
365,1414
1089,3202
1254,2744
956,4070
328,3747
624,2577
1415,3601
1620,2838
1802,4535
1960,2906
1189,1568
798,3669
1603,2605
1985,2441
1532,3893
1747,3781
465,2705
1717,906
1696,1786
1140,3783
1381,2677
1682,3837
1938,3763
1794,2321
1126,1404
1981,1918
809,2451
138,1529
731,2797
43,4409
939,4961
1698,1566
810,875
1076,2980
959,4381
969,2854
1769,3432
1232,1507
564,590
674,2936
525,2813
872,3860
1953,4128
1626,535
1916,4017
1339,4908
398,2893
981,3214
470,4459
1612,4774
227,1025
1966,2791
1546,3925
1606,1990
1976,769
1750,1217
1236,4379
855,2701
1431,3571
300,1661
155,260
1805,3223
437,1141
1316,588
428,4061
427,1621
115,2783
218,3433
913,1780
761,4355
1366,2745
1319,2175
990,3168
319,977
224,4123
193,1804
451,379
251,1782
956,3291
1587,2340
107,3723
1160,546
575,3828
1373,3808
717,4177
99,1095
1444,3230
647,2132
1571,4466
1910,1717
884,1550
681,733
1516,3749
1914,3758
1704,1999
147,1930
1215,3528
84,3079
332,2915
1705,911
1529,1180
1252,148
921,4707
1379,1155
1260,1958
570,1511
574,3616
500,1452
1697,2898
1461,901
1222,4591
566,3203
1254,4543
1595,4055
1318,3252
1665,3296
1742,4748
918,2086
1168,1443
280,752
1732,3471
1204,2857
1059,224
331,3686
1358,291
1832,3823
125,2800
514,3844
1150,2971
1690,2198
1349,4874
893,3840
635,1101
898,1740
1698,4533
266,709
1348,2205
470,3922
186,2177
296,2574
754,2863
1724,3889
597,4902
595,1823
997,3789
1499,4939
1146,3094
1053,4889
1471,2625
783,3042
208,2582
1314,463
775,4090
1405,2042
1104,882
1611,4362
1019,2272
494,4336
1918,577
441,3692
841,4565
1297,3384
1025,710
1620,4074
1229,4152
1416,4015
1292,1468
1509,1991
991,2294
1354,3100
1904,2786
23,1839
1248,122
384,2003
889,2404
476,2760
1092,777
1962,108
1356,69
179,258
516,3061
1519,1524
1467,3054
1600,1863
836,1201
1055,1245
1783,523
1251,4863
1303,4730
1947,365
1589,2872
1659,1130
821,4986
762,3359
1949,411
1128,713
1138,3350
947,2587
123,1157
711,3542
1024,1787
1156,1943
702,726
1347,4399
1756,4567
1532,3627
1749,1181
691,567
1984,755
812,2025
751,4001
1229,2542
1262,2490
1826,4518
93,3735
1225,622
1691,4330
486,1451
671,221
160,2220
896,2783
72,1353
51,2691
1219,26
1036,4520
401,4009
1177,29
401,1794
24,1807
1079,2611
614,2023
10,2811
61,3796
157,1518
1929,1475
1539,1320
1533,3461
396,4015
1640,1372
671,3725
1648,1721
705,3309
667,573
1818,1903
1857,3292
1334,3022
568,2028
705,4248
1851,2494
1095,3908
1375,1747
1022,397
767,2093
1925,2416
799,1816
28,2693
348,1880
321,4901
794,920
1933,3179
1121,3264
486,538
357,653
1893,1794
609,2860
915,4364
376,114
1403,1149
159,3563
1229,3965
1401,4486
933,2920
1843,3370
544,1647
70,3979
149,2057
1200,2
1525,1748
284,3679
1294,1098
1779,2833
1999,4822
1192,1050
1427,1627
78,4513
692,3918
459,3387
11,2473
568,3559
1418,1514
7,4983
1292,355
1272,4843
995,4040
1260,1342
1019,233
864,1113
215,4868
227,1953
1285,2567
540,198
1918,4725
63,3050
1510,470
42,2173
40,1080
1419,2274
1771,4648
1190,3619
736,3937
462,436
811,2539
1559,712
516,3116
1378,4609
564,1881
1023,180
1814,3153
35,39
1380,4618
895,668
1070,3409
1400,840
405,2238
216,1319
1405,1184
904,1427
1117,2703
1660,3625
1180,19
1225,4865
191,4645
565,2082
551,198
876,1715
1507,2750
1562,2457
1890,4208
1470,1407
1757,2632
1479,1375
725,1438
1941,1406
1977,3574
1335,4336
1186,1769
31,4898
678,279
1533,830
251,737
1409,1023
1283,4819
364,4549
1223,3004
1801,729
1768,552
1026,1901
1676,3703
623,2679
94,874
808,3664
758,1857
1561,4396
1659,4702
841,3023
901,3074
1,831
374,2096
465,3675
1864,3121
182,1108
703,2042
501,4537
972,3893
1655,3657
894,4239
294,302
938,4245
1282,1611
1612,4455
621,4080
370,297
230,2209
1985,270
1126,280
959,1860
1542,1915
836,4907
44,477
1355,1271
527,365
656,1041
62,302
497,4660
1436,3596
1885,1207
1100,3381
243,4743
1702,2025
1557,624
1101,4545
1488,753
1802,2606
1043,3786
308,4091
571,2515
237,1178
624,1587
1565,4127
178,1766
1494,3658
785,4430
1285,2501
452,4220
1455,468
1043,3907
1504,3070
1855,1341
39,2775
1883,622
1435,4138
1425,3450
781,3614
1204,3222
151,966
556,5
731,4961
1693,1400
915,581
1457,4836
1971,856
1883,2958
797,3743
1664,1867
1927,520
1376,2632
1097,3217
549,3348
1877,1342
101,4649
25,3873
802,532
1621,2584
454,3232
1718,1699
1186,4844
1493,2520
22,1508
1410,2751
491,4467
269,153
267,3527
1579,3728
80,4832
264,4424
386,4121
1976,129
848,3923
1748,3685
1899,4083
105,846
1853,4381
838,2188
1235,1070
378,446
407,3133
1950,3267
565,2029
1781,3983
1244,4044
564,84
1787,2751
820,1730
321,2083
1842,1226
670,2725
577,4483
453,1973
764,2589
492,4116
86,459
1794,2875
717,33
452,516
1627,2469
1484,2649
502,3262
1973,2059
1455,147
775,4589
350,3659
226,1149
1882,3863
1584,3940
1866,2872
1090,436
753,3783
818,1963
1520,20
1267,1789
594,2972
1817,1704
1416,1360
1574,2700
1113,1322
1629,2407
1727,4928
1787,1007
1276,562
1561,960
1122,2310
337,54
719,2859
1092,3370
465,4669
673,3386
1827,2247
268,1122
659,2670
1946,1646
1951,3710
884,573
1038,222
381,1938
174,2103
986,4004
420,1112
700,1166
15,1063
1026,104
1664,4821
439,344
1130,4133
1524,1320
705,3203
1442,4893
399,4557
760,4307
205,3496
1506,1387
957,2111
1251,2329
1927,1380
1078,3835
462,3566
307,2231
441,245
666,592
635,3265
540,1944
229,3974
893,4957
1562,97
1741,2314
596,240
1934,908
1456,869
1512,3659
1035,4488
426,997
440,895
1291,3956
1702,3490
1005,1347
1219,2740
350,4277
1324,53
764,3328
1129,3749
215,1837
643,2055
780,2289
1220,346
1609,1353
1046,2933
618,3395
850,254
738,3985
838,954
894,1758
28,3300
26,2207
1144,3626
872,3167
1685,3455
1055,3288
952,3806
969,1006
1220,4789
824,2308
1885,4913
1522,2875
168,462
9,146
355,554
1858,1518
1538,4280
547,495
836,4533
1694,2578
1195,2894
1461,1589
1445,3042
1526,1947
1822,777
1720,2981
22,4959
1369,2000
500,3537
562,214
1907,4564
737,4941
1941,1408
1171,443
869,4279
711,2673
1991,478
824,335
1407,4628
943,3181
819,3640
1953,1354
7,1281
1873,836
782,3492
307,2970
65,3851
1359,1554
954,3720
1861,3872
1969,2651
632,2622
776,1849
259,2791
627,1497
1005,2086
1745,435
843,2024
1858,1773
282,1462
1932,4691
1696,1711
1102,3187
1067,1917
1001,4303
297,3204
672,1095
386,2458
1013,112
775,698
1635,3542
1146,870
924,3975
1885,3424
1684,4602
1537,3357
613,528
1062,3801
291,2463
509,4083
1751,576
125,710
1795,4820
1446,1697
1053,3954
1469,634
968,3321
1176,3270
1229,881
1595,2436
172,906
101,2423
450,362
238,1940
128,4283
1702,2269
1932,2960
493,4381
1140,1748
118,791
1941,979
638,1995
1242,4913
1500,1236
920,661
1885,3787
1069,3
1364,1577
1374,4251
1365,4431
1186,2739
1594,1810
38,4632
1024,3643
1829,630
1077,3506
423,4931
483,2767
1019,532
418,837
729,958
185,2026
79,324
1999,1162
327,160
108,1550
1195,613
1021,1480
1243,4333
12,2485
1245,4379
741,2365
868,1652
689,4161
1919,1583
950,3936
308,4469
1908,1690
1932,61
1546,25
1344,2291
1874,3274
310,48
79,1613
1915,831
1190,1824
1983,3675
1221,1137
1918,1065
598,1912
679,3594
1988,1575
873,2642
931,1829
845,4529
1179,3651
593,3002
65,4603
877,317
1873,2756
152,3259
1454,557
1020,4237
805,2134
1421,380
1371,788
742,3246
404,743
1062,3601
74,3497
195,4137
628,757
8,1049
1580,386
933,575
1992,367
500,4894
670,875
1858,2996
1907,902
229,4781
1294,4122
630,2910
611,416
850,698
574,2978
335,481
369,4037
1549,4348
1220,1140
1244,1497
1970,4112
509,1802
832,2455
648,419
1829,3584
1012,1110
977,4536
710,4717
677,110
317,3739
776,4253
8,3627
1453,3189
1406,3373
353,2349
19,783
1789,4306
13,2924
5,2016
791,4911
1297,1107
426,4032
541,3982
1601,3733
203,1479
430,2690
108,424
1075,3394
600,132
1216,2350
336,2008
1354,1991
1218,181
1799,4593
37,665
1829,3718
506,3587
626,3918
1693,4611
409,3920
1407,53
295,142
1652,1052
1316,1857
989,1233
1350,4622
1978,3962
1388,4914
178,1957
362,2532
775,1947
1878,2563
952,1351
1182,4257
1404,2872
586,210
1745,169
131,798
1153,4495
236,3066
1519,1812
1849,4198
142,435
257,385
176,3466
1979,4951
638,3231
688,2594
278,2430
1632,4614
572,662
954,3467
1258,1892
241,3302
397,4044
70,1205
1589,2931
1224,2281
220,1149
144,2551
1195,1728
1778,359
57,862
475,1375
1629,2451
145,4129
1459,2942
693,1719
1259,4345
1422,845
754,4358
219,3031
613,3187
1664,3347
437,4422
521,1383
124,929
1453,4975
803,1446
1432,4394
840,2533
945,1795
1060,3768
221,3198
1165,3003
1163,2139
886,3322
1157,1836
1019,2131
1326,4762
120,3267
1114,2139
1277,3823
1312,168
728,2332
279,1045
113,3493
1682,381
1740,4752
434,3319
1413,4128
837,3672
486,705
947,4069
455,3378
752,3076
1714,4470
1265,214
1414,1734
1517,4599
1951,3659
513,2272
843,2147
1395,674
27,312
376,1220
1282,1965
686,1116
1464,2615
1457,1444
361,1770
144,1772
1745,2076
1141,2864
1107,4714
1914,2033
138,651
279,4562
1891,329
957,1242
814,1459
807,4681
688,300
369,4455
1177,2679
1084,2451
1276,4607
853,3521
1613,994
1310,3208
664,64
1798,1979
1137,2462
612,3809
1500,4271
434,2756
1614,4787
29,4922
583,4276
1687,1101
1299,696
1476,2049
1691,1974
1357,4838
302,2721
402,444
1494,4843
1650,3141
523,4117
896,427
1145,3117
1207,585
1405,75
391,1194
697,483
1423,3327
788,2587
294,3247
868,3519
513,4045
1925,3201
1108,727
1610,4092
1414,4446
1482,4846
668,2118
1903,4085
310,2144
1442,3461
1337,3179
1263,1015
1297,2814
1896,4082
1788,836
1404,4108
184,1897
829,4816
1674,2693
1987,3153
1617,1893
1288,671
341,4998
444,1218
1359,4752
817,4469
760,3935
1340,2524
1410,2997
1562,1819
1445,2991
502,4542
1665,1008
1770,307
1379,4586
818,2075
534,330
1262,1786
390,1628
1969,1419
900,387
572,2019
505,797
352,2275
212,1218
1191,2027
581,3007
1178,4983
1997,1373
1299,4455
994,4115
1538,1209
373,3916
1264,2892
256,3102
847,3772
1279,3200
203,3441
1185,3013
1506,3593
150,2797
1652,4879
895,3439
1700,2412
1621,1099
1268,1735
825,1394
620,2453
112,1000
270,4555
830,2677
1124,1434
163,1167
1722,1797
75,1054
1413,4425
38,3387
790,2231
1421,4020
1218,3203
1300,3730
61,4273
1628,4764
1879,4346
979,2103
1251,4548
1077,3200
655,3211
466,1060
548,2819
692,4261
356,3817
1211,2382
707,4569
705,4725
1651,402
1611,1269
584,4206
1478,3894
234,4093
592,1586
960,1982
1987,3771
1359,1987
235,494
1594,807
1059,1466
1241,948
621,3684
1249,809
700,1533
21,1181
1800,2080
1635,1518
1116,2350
656,416
1597,2394
272,3688
798,765
567,2293
819,1053
783,1130
1237,546
725,4572
398,2191
16,1897
408,2650
1048,3276
972,4678
67,4343
220,1138
1070,3523
564,2934
1030,2404
1780,2636
963,953
1867,1329
878,2535
1232,2804
1380,3456
1034,833
55,3959
1713,2353
166,794
1253,877
205,4923
1067,1424
1452,1760
1156,2930
906,2001
1036,1293
1306,2874
654,733
1870,701
1815,2751
1001,548
1756,1353
1995,1635
1159,1134
1988,2679
1843,3981
67,4585
315,2435
134,2131
1549,4968
1837,1170
37,3366
976,4288
1358,4353
1134,3413
344,3257
1944,2464
1589,4222
1783,1055
1745,4735
231,2333
698,1018
1814,1307
659,272
81,295
103,54
1113,442
1181,2828
135,2746
876,2192
401,3131
1540,1189
1590,552
1077,1953
865,3531
1405,735
591,1979
644,1805
1089,2192
1935,2657
1112,2324
716,4310
167,870
1381,499
1264,1900
918,3249
663,4420
859,1622
1249,1777
86,2867
1464,1436
1947,2078
1986,3238
826,627
568,2089
638,347
696,288
1279,343
298,3625
1034,4713
175,4494
1486,1087
1197,984
1159,2678
977,163
1018,689
200,2457
981,3022
1590,4298
1614,2440
611,1762
910,109
1404,1398
175,4615
600,1115
302,3636
985,1451
457,1066
1163,3443
982,1153
1563,4316
921,877
979,4265
48,723
461,3107
762,66
75,2290
1193,3672
627,817
685,4205
1540,2733
1657,2086
555,4095
1336,459
1352,4375
825,4858
1243,3385
295,4400
745,139
810,3274
1099,3111
950,2759
1462,4368
884,4391
259,4339
1792,338
17,1544
1393,3221
610,2812
1534,945
352,2022
703,3003
1690,704
176,490
462,2015
870,1086
730,4984
93,3609
1473,2813
1373,3629
807,737
1309,3873
374,2841
1380,1538
985,4163
868,609
1821,4435
878,1556
12,2610
377,1045
315,167
631,4574
972,2652
1032,1242
416,2959
88,4820
1919,1708
304,3132
920,3135
734,4702
1047,961
108,978
677,3121
1258,2083
1688,3882
132,4489
899,4890
615,3145
1019,1020
902,4407
1652,667
468,1671
734,3776
173,3443
111,2336
565,520
1471,3480
547,917
1374,3584
517,4192
829,751
815,587
407,1287
491,3910
952,3073
177,4208
1343,4355
1733,4806
1093,1211
986,1085
1786,3878
599,2625
1246,4193
1111,4234
939,2730
1725,3639
1333,634
169,3980
420,1347
1372,2962
100,3099
1469,1848
1548,451
656,4714
145,3744
936,567
1182,4006
1407,2138
727,4365
1381,688
1785,3252
1129,3850
413,3680
776,4257
1223,4946
1891,4587
310,1717
1956,3255
280,3043
1343,288
307,1419
1986,4595
401,4730
317,1878
89,3182
1993,2275
389,2168
1515,3899
1582,691
1864,1343
1097,124
1828,1097
1841,3022
1024,4749
664,242
1810,3443
1944,4426
320,4633
1660,2452
360,4934
1086,645
1896,3897
1424,4841
488,3170
849,4344
1262,2527
1587,4310
465,3415
1723,936
437,1138
611,1025
1893,71
392,3058
984,489
1683,2449
34,88
619,4942
1687,4783
313,4872
1662,525
707,2022
1670,120
352,4534
1479,552
18,2968
1265,2286
1752,4619
976,2183
86,628
494,4654
1674,2979
1008,2889
1443,4049
1880,603
1019,4216
1847,426
582,3720
1788,3000
1772,4453
1440,1765
1115,19
547,730
913,4234
1713,4812
1575,1172
40,404
256,3146
999,2961
140,756
570,569
1402,3580
1176,3008
1664,318
84,2029
1452,3293
571,3544
932,2503
1047,1029
431,2746
1184,1263
433,4778
1560,1550
489,3367
341,2974
1848,1428
864,800
1722,3009
617,3552
670,934
1003,4490
1793,2431
1736,4112
1168,2608
397,1270
490,3447
548,419
1268,2960
117,1401
1500,4249
218,3927
510,3318
489,2441
1523,3186
1500,3202
1794,1205
1479,4311
6,2701
577,1995
1197,4598
1777,2958
75,4265
1432,3943
401,4664
819,2962
320,1063
1470,973
897,1340
1659,872
1609,3266
1968,4596
359,4145
1503,332
1712,4118
1478,1736
1662,96
404,2575
1092,1929
938,3448
1707,2727
1896,448
94,319
257,3235
1504,3078
1442,4378
1788,585
1454,1234
554,3458
1844,931
1556,2679
1339,4142
1406,1688
174,2419
1829,1791
1786,3141
196,4918
182,2768
25,835
519,3356
713,4390
871,3515
957,549
84,661
461,3351
1464,1814
1916,3372
1243,2340
1420,3205
1872,4268
1956,1458
1152,3161
613,3112
1678,467
1705,3044
950,667
1484,4738
1104,87
677,774
878,2713
1250,1309
422,669
599,4237
1822,4918
906,4394
1450,3060
125,2368
1725,1050
1711,2872
224,2081
1953,3388
1602,1653
1307,4445
113,35
1589,3111
1071,1199
183,2494
1485,4451
1122,198
1822,838
1538,3065
1856,4394
388,1142
692,3768
1146,1494
60,2508
1808,4094
1422,2072
637,5000
1134,1605
301,2836
1058,563
1073,3352
1816,1410
1155,1435
676,683
738,2315
1004,219
90,2508
1294,2947
255,4009
1230,4588
127,296
1448,3535
585,4823
1762,1187
1626,3541
1803,2945
1911,492
383,1161
1930,4706
823,679
288,106
721,4603
1122,1500
1141,1513
1378,1197
1439,4590
203,183
719,1231
1684,3603
1553,905
849,3970
1207,2254
787,877
425,1464
1508,381
871,992
535,3258
1163,4547
1820,387
1266,2982
68,2065
470,1062
420,3456
928,1647
174,1185
1686,2494
1133,1527
835,4085
888,3911
924,3339
1326,875
1367,2862
87,1418
1384,62
1692,2164
391,4044
1005,3678
1282,2266
673,4925
1970,2374
1725,3775
1271,2107
1995,3599
166,664
1613,3039
1516,3372
86,2361
790,262
368,3279
1798,2038
659,3980
1975,1442
361,2071
490,4925
1986,517
181,4584
1378,2849
203,667
505,2695
1572,1173
1007,3616
1332,932
798,3213
596,1766
73,3711
1960,3618
124,4171
1802,817
533,434
1443,655
271,2420
1614,4149
1151,4913
1996,2790
1657,1109
1619,588
1245,2333
218,2264
1761,412
111,2138
723,945
989,3804
555,4515
1243,4623
1241,1315
154,909
806,2821
439,3522
1095,443
952,660
663,2772
183,2549
1771,699
601,3062
346,4233
1984,3961
697,555
1564,369
1650,3792
248,2614
1780,4050
2000,4090
298,3145
1129,1087
208,219
956,2593
778,749
645,1388
762,4942
999,4360
1541,250
857,520
977,851
1455,3593
1909,1814
369,3146
1219,3353
1943,2364
1163,1206
1008,4301
845,402
550,2440
636,3675
493,3892
1465,1019
1969,2767
98,4265
841,2094
694,4555
1217,395
1805,4766
1679,2412
220,700
707,293
435,2574
1163,3313
264,4153
1576,1910
187,1691
937,4663
2,1416
940,3133
131,4684
883,347
1469,1676
1541,3996
674,1930
1911,560
1742,3003
376,4488
1857,1492
1986,1377
1272,573
1800,2944
1452,3658
1359,3201
1951,2847
323,1363
130,1988
1126,1687
359,764
1472,1048
1540,1677
1861,4243
1701,2039
756,814
1995,42
1556,1392
1067,181
1626,1865
1829,2490
731,4958
724,1764
1116,302
1405,4377
418,940
974,892
1190,1685
655,2344
1383,1585
1164,2450
1983,1092
1415,1803
1582,4949
1232,1803
1750,3486
1960,61
1119,3094
1730,4968
1479,1185
412,1017
542,4510
1144,643
208,2944
1532,1
475,4685
1853,4486
1972,2222
1428,1341
940,3738
603,2655
1062,2415
1735,1003
1535,420
1109,1709
240,3246
1280,4745
745,1203
1044,304
1789,2407
1489,2869
1069,1529
816,3298
183,3651
878,2715
598,3075
1675,4493
484,3993
423,4013
1560,3688
679,1724
857,3716
1607,13
1882,4907
1409,257
194,3143
1706,1941
278,1794
1114,4281
1350,2831
1171,4815
1627,1648
1519,1068
278,518
76,3501
1991,4032
625,333
112,3195
1755,4987
867,95
1725,4556
459,795
1543,378
187,2322
1145,1500
484,2020
415,4135
1320,77
891,1620
1641,4858
1994,21
811,873
346,3254
1029,4479
258,3141
497,3423
1186,2184
1724,776
573,1166
306,2808
438,2964
918,4355
1671,4333
1131,2662
1528,83
1581,1141
349,4841
583,2564
839,275
536,4667
1176,1092
1666,2942
809,2318
1464,3481
1304,45
1203,4874
642,4312
597,2849
1469,792
1598,3417
741,2039
863,753
651,1099
1740,1780
453,2575
1399,1487
883,2159
649,6
784,1628
1028,2
1015,4944
1710,1793
6,3697
167,4554
632,712
1597,3084
1992,3879
443,3671
173,3810
1973,338
863,2981
1733,851
131,2537
1433,2545
1201,2976
1273,2327
1612,2547
1610,4837
531,643
1154,3803
235,3533
823,3969
477,3295
1249,4306
946,4268
1407,3431
824,3110
648,898
1589,2684
1829,1619
1669,169
25,892
1716,3139
255,1125
888,4973
1858,3488
1328,3259
1197,3742
426,4619
1,4884
1460,2395
770,3934
558,4509
737,1542
1578,4373
238,1306
1036,3272
936,1873
878,205
886,2015
127,1963
870,3239
572,1596
761,2249
300,1662
1476,4446
810,421
1683,1743
1695,814
258,618
1203,1291
380,729
1806,1998
1460,1590
949,1374
534,378
1539,2408
907,1148
1361,1355
937,1256
1669,2639
1863,3673
1672,4105
1204,1785
1441,3455
1935,543
1647,1308
1781,2062
1772,27
151,4669
1632,1939
1685,2997
802,960
1582,1071
465,2506
118,4613
1147,96
1,1059
687,340
1719,487
1368,1492
1507,4051
10,2047
736,2676
607,1808
1802,3410
1392,3246
826,391
1760,1198
1171,2789
49,2914
1296,3952
179,4192
1288,3310
484,3256
1031,3654
530,1682
144,4090
297,168
1252,4821
308,3969
1681,2194
1746,4575
385,4152
1436,1609
1961,33
1616,4694
1802,3652
1908,2358
1427,4943
1198,1673
382,4268
898,3138
399,3454
1362,4935
1209,1458
1663,3614
1489,280
278,3285
1599,3306
830,1812
723,1686
107,3403
287,4273
521,10
1276,3555
902,2856
1206,3496
1725,1846
1608,3018
145,1830
1399,1797
1103,4953
1870,4600
717,716
1360,1051
398,2131
1812,4366
418,3049
394,211
128,3475
1917,3076
471,3814
1224,2331
286,3768
657,3415
674,1369
1429,1716
