TrackId,Tempo,KeySignature,Danceability
1062,62,C,0.76
2798,154,D,0.68
4572,194,D#,0.77
3287,134,E,0.76
3307,196,A#,0.32
866,142,E,0.24
4819,154,A,0.35
2269,117,E,0.69
2654,111,A,0.52
3202,109,F#,0.96
1364,179,D,0.86
4279,133,G#,0.81
2435,75,D#,0.45
1773,148,C,0.48
667,99,C#,0.24
3699,131,C#,0.83
1375,127,G,0.31
2811,146,E,0.89
3628,157,G#,0.15
1757,108,D,0.64
4751,65,D,0.8
162,181,C#,0.69
1209,150,G#,0.97
3906,94,F#,0.19
3815,63,C#,0.63
4859,68,E,0.43
2890,179,C,0.26
4963,185,G#,0.57
327,108,A,0.65
929,165,G#,0.98
1565,185,A#,0.51
2225,120,C#,0.96
1156,107,G,0.84
4150,132,D#,0.8
2649,194,G,0.23
1840,112,D,0.13
1154,191,F,0.86
3593,117,A,0.47
1363,112,G,0.37
2240,108,B,0.18
1435,106,D#,0.95
3100,90,A,0.66
4979,72,B,0.72
1587,151,B,0.76
3312,130,F#,0.73
3649,198,D#,0.13
3099,116,A#,0.63
2799,87,C,0.89
1289,79,A#,0.21
2349,73,G,0.83
4325,180,E,0.25
914,128,G,0.32
3625,88,C,0.11
344,114,F,0.21
3027,110,B,0.4
1040,158,F,0.24
3410,136,C,0.2
1073,113,B,0.46
1340,175,F,0.82
2069,84,C,0.52
103,195,A,0.49
2371,65,B,0.55
889,166,C,0.89
4030,71,C#,0.2
1198,162,E,0.17
2415,84,A,0.93
2338,191,D#,0.85
1101,72,G#,0.38
3162,174,D,0.67
4151,97,B,0.88
3610,97,C#,0.78
424,182,F#,0.75
4763,195,C,0.88
4638,190,C,0.12
4878,125,A,0.6
3128,90,E,0.32
1560,68,C#,0.26
1401,169,A,0.54
527,159,F,0.39
3480,80,F#,0.18
3846,91,C#,0.64
2363,79,F#,0.27
1513,125,G#,0.63
1765,95,C#,0.15
1337,104,E,0.72
605,76,G,0.87
2647,144,B,0.68
2780,183,G#,0.34
2776,146,G#,0.45
3686,60,A,0.45
200,92,F#,0.96
2378,125,C#,0.69
2537,143,D#,0.68
3847,163,E,0.12
435,91,G#,0.48
4551,137,B,0.19
736,165,F,0.62
2151,76,G,0.41
1816,153,A#,0.99
158,81,G#,0.35
2069,136,D,0.23
3865,88,E,0.46
764,107,G#,0.2
848,127,A#,0.24
239,182,A,0.5
1902,114,A#,0.34
2,187,G,0.68
841,195,D#,0.13
4742,102,F,0.39
3865,95,D#,0.89
3227,83,G,0.32
721,65,G,0.84
775,65,E,0.46
1001,199,D,0.8
4201,188,C#,0.98
2134,82,F,0.42
3546,186,G,0.9
4925,61,C,0.52
919,125,G,0.34
2476,62,A,0.64
1739,181,G,0.27
3477,67,F#,0.69
74,127,D,0.12
883,105,G,0.85
3541,167,A#,0.88
4436,188,F,0.58
2870,149,G#,0.9
3168,152,F#,0.5
3075,136,F#,0.22
4038,154,F,0.92
361,79,D#,0.23
4096,139,D,0.76
4145,185,D#,0.24
4877,144,G#,0.13
4967,77,E,0.34
1087,193,F#,0.93
1024,98,C,0.22
1036,60,C#,0.32
3113,166,A#,0.51
813,96,D#,0.34
2760,66,C,0.76
546,121,D#,0.63
4746,200,G,0.56
1397,62,C,0.88
4001,98,A,0.16
4740,132,C#,0.37
779,182,G#,0.11
1744,173,G#,0.52
4690,175,E,0.85
3519,60,C,0.43
2368,188,F#,0.61
3649,141,D#,0.8
2907,132,B,0.32
109,89,D,0.26
3030,100,F,0.24
2160,168,F#,0.17
1077,141,D,0.97
4558,83,A#,0.43
4807,186,C#,0.76
476,148,G,0.67
2319,116,D,0.94
1095,155,D#,0.7
4596,82,F,0.29
1631,129,F,0.65
1250,112,G#,0.44
4723,97,B,0.3
3823,188,F,0.25
3575,88,G,0.66
1250,124,C#,0.71
4054,103,C,0.57
2807,132,C#,0.23
3739,69,C#,0.72
1460,113,B,0.48
4245,112,F#,0.3
4514,177,D#,0.46
4162,173,C#,0.13
1498,86,F,0.27
852,192,G#,0.44
486,166,A,0.69
2513,62,F,0.47
3729,139,B,0.57
19,190,C,0.4
4962,62,G,0.27
745,101,C,0.97
238,78,A,0.51
2064,191,D,0.91
4284,164,G,0.31
407,144,B,0.9
3548,79,C#,0.35
4029,145,A#,0.87
82,82,D#,0.96
1524,135,C,0.56
3712,93,C#,0.51
2762,133,F#,0.16
1256,79,C,0.47
1170,73,D,0.94
1796,164,G,0.72
1328,199,G#,0.21
4473,69,B,0.69
186,165,C#,0.84
625,108,D,0.65
912,84,A,0.2
2744,169,G#,0.96
207,177,G#,0.54
2400,113,A,0.67
2730,172,A,0.16
1015,189,A,0.33
2637,155,C,0.16
990,132,F,0.86
3689,178,F#,0.67
1282,144,D#,0.81
4724,186,G#,0.9
4676,117,B,0.53
1582,118,F,0.69
4967,154,C#,0.26
3767,143,D,0.88
534,69,A,0.74
3144,191,A#,0.31
3253,84,A#,0.63
3791,79,G,0.36
536,182,F#,0.28
45,79,D,0.95
3916,166,F#,0.2
538,131,G,0.67
4072,83,F,0.24
3172,120,D#,0.82
2734,158,F#,0.29
664,142,C#,0.63
3001,143,A#,0.31
440,179,C,0.67
3490,78,B,0.59
662,172,C,0.22
1980,190,D#,0.56
4870,94,F,0.92
4574,64,F#,0.98
2185,75,F#,0.56
205,116,C#,0.39
1443,105,C#,0.98
2768,139,C,0.24
1237,175,D,0.62
4029,107,A#,0.55
4895,77,F#,0.66
1940,66,F,0.53
227,181,G,0.79
2203,196,D#,0.98
4433,179,D#,0.65
4769,139,B,0.89
1018,89,F#,0.16
3946,111,D,0.89
2784,99,B,0.54
4814,110,C#,0.19
4507,187,B,0.69
2134,126,C,0.8
4877,66,G#,0.91
4053,68,F#,0.22
517,182,A#,0.31
1389,129,D,0.91
72,135,B,0.14
309,134,B,0.12
1022,159,C#,0.81
1099,135,B,0.49
172,152,G#,0.28
2445,90,E,0.66
455,86,A,0.98
3718,80,D,0.73
4210,64,F,0.28
3920,72,E,0.29
1311,73,D#,0.42
2293,141,C#,0.5
3675,125,D,0.5
3102,124,A,0.58
2759,116,C,0.76
3413,105,F#,0.29
1148,199,A,0.15
2440,157,A,0.36
2687,126,A,0.88
2143,81,A#,0.61
2512,132,G#,0.3
3089,167,D,0.69
1663,127,D,0.25
904,185,A,0.97
1712,150,F,0.65
1163,131,F,0.13
262,82,D,0.9
1362,80,B,0.82
4812,161,A#,0.3
3048,184,F,0.31
4459,123,D#,0.85
706,104,D#,0.37
133,185,A,0.3
3054,113,E,0.52
4065,107,C,0.43
1491,122,D,0.59
4439,183,F,0.36
3389,191,G#,0.66
981,73,D#,0.94
4327,148,C,0.28
887,159,B,0.44
2414,123,C,0.63
4870,137,D#,0.61
2019,148,C#,0.61
3872,116,C#,0.77
4176,161,B,0.37
338,87,F#,0.83
564,196,B,0.37
1423,140,A#,0.56
4110,186,A,0.72
45,73,D#,0.58
4673,150,D#,0.93
1454,198,E,0.79
2986,159,B,0.75
948,143,F,0.5
1424,148,C,0.31
3925,94,D,0.92
2527,79,G#,0.67
3934,76,G,0.22
1640,176,C#,0.12
4223,66,C,0.71
697,140,D#,0.97
45,126,A,0.56
3008,112,A,0.84
1254,95,F#,0.52
400,141,B,0.31
3114,82,F,0.94
4819,128,G#,0.61
4398,94,E,0.1
211,177,A,0.63
2392,187,E,0.59
4264,158,A,0.58
3478,101,E,0.67
2365,184,C#,0.76
4005,168,G,0.62
2571,183,F#,0.81
1280,161,F,0.44
4409,143,F,0.29
4319,151,F#,0.49
1399,64,E,0.28
557,147,B,0.39
3535,101,G#,0.62
797,82,G,0.66
469,80,C,0.61
2927,75,A,0.37
4580,169,A,0.99
2885,197,C#,0.7
766,170,G#,0.12
292,105,F#,0.25
2689,85,G#,0.15
1296,112,G,0.8
2269,200,C#,0.45
823,129,A,0.39
4463,178,G#,0.28
94,147,D#,0.64
2402,109,A,0.96
213,192,A#,0.9
397,142,D#,0.94
3077,67,A#,0.11
4301,63,G#,0.92
4525,128,F#,0.8
1271,193,G#,0.31
3458,121,C#,0.59
1628,120,A,0.13
4613,148,B,0.85
586,127,D#,0.54
1091,124,D#,0.14
4024,106,G#,0.42
1469,115,B,0.9
2869,89,G#,0.38
4743,179,G#,0.58
1220,181,A,0.65
1974,91,A#,0.99
3163,169,D,0.63
4223,100,C,0.28
2055,184,E,0.51
4964,154,F#,0.11
2032,96,F,0.64
30,189,D#,0.93
4008,100,G,0.95
3135,123,C,0.73
4379,90,A,0.15
3679,176,G,1.0
3638,103,C,0.33
2562,96,C#,0.6
3161,78,A,0.62
2117,182,G#,0.47
2299,189,C,0.38
4359,179,F,0.65
4720,84,D,0.42
584,69,D#,0.63
4471,75,A#,0.49
3190,106,F#,0.75
806,63,A#,0.76
344,110,B,0.38
3196,99,G#,0.38
4099,173,E,0.12
4037,79,F,0.65
685,72,G#,0.93
3239,150,C#,0.81
4529,167,F#,0.82
518,153,C,0.86
693,159,D,0.12
1122,164,F,0.49
738,104,E,0.67
4195,121,D,0.11
2726,191,G#,0.76
3532,129,D,0.98
4100,109,G#,0.35
782,99,F,0.74
19,191,C#,0.91
3288,96,C,0.27
637,190,D,0.29
1381,125,G,0.54
244,146,E,0.49
2380,156,D,0.75
19,82,F,0.32
4319,198,C,0.19
2985,80,A,0.41
4141,115,G#,0.73
2758,177,D#,0.33
812,140,C#,0.32
299,67,B,0.15
655,126,F#,0.94
4525,152,E,0.31
3336,119,G,0.75
3892,70,C#,0.39
1546,198,G#,0.31
4273,179,A#,0.43
3778,133,E,0.93
3441,133,B,0.81
3227,188,G#,0.32
4704,173,F#,0.38
2093,148,F,0.99
2021,132,F,0.48
4964,155,F#,0.62
2949,174,G#,0.32
509,122,C#,0.14
4,68,B,0.51
1978,109,A,0.19
817,147,C#,0.78
3039,63,D#,0.95
3582,198,F#,0.68
1925,132,F#,0.69
3560,157,A,0.72
507,183,F,0.31
3541,145,F#,0.56
4468,128,F,0.55
2051,97,G#,0.18
3673,105,A#,0.31
2625,108,E,0.6
2058,120,A#,0.93
2019,99,G,0.79
698,197,F#,0.51
2746,71,C#,0.82
236,152,E,0.67
4186,62,E,0.43
2067,70,A,1.0
2661,128,G#,0.17
1980,185,F,0.45
485,183,A#,0.29
4922,192,G#,0.48
2004,151,D,0.93
2020,198,G#,0.49
1328,109,F#,0.91
835,113,A#,0.38
2788,93,C#,0.3
3191,67,B,0.37
1912,75,A#,0.58
4898,142,E,0.35
4454,65,F#,0.39
720,84,A,0.32
93,171,E,0.92
3594,115,E,0.63
3914,114,B,0.84
753,77,F,0.49
1681,175,D,0.66
2164,104,C#,0.77
4071,169,F,0.4
2886,148,B,0.34
2402,113,E,0.59
2907,64,C#,0.52
109,82,A,0.56
270,171,F#,0.55
4226,193,F#,0.15
22,125,C#,0.51
4081,141,F,0.22
2891,180,B,0.71
1292,113,F,0.59
3679,154,B,0.38
4739,156,A,0.22
2864,179,F,0.69
282,198,A,0.96
3311,153,G#,0.36
4539,147,F#,0.79
2304,186,A,0.22
3452,83,D#,0.79
127,122,B,0.79
937,183,E,0.9
1580,200,F#,0.99
258,159,D,0.11
2684,115,A#,0.83
1645,113,A#,0.43
255,86,A#,0.46
1019,71,D,0.3
4691,154,F,0.73
466,102,C,0.37
2486,140,G,0.79
263,164,F#,0.61
1065,193,A#,0.14
869,146,C,0.79
165,179,A#,0.72
3673,80,C#,0.92
1062,120,F#,0.87
3483,153,G#,0.77
192,168,A,0.97
444,145,D,0.35
622,96,E,0.47
3737,193,F#,0.98
839,149,E,0.43
1028,127,D#,0.58
837,124,E,0.98
2902,75,G,0.55
1316,102,F#,0.45
732,189,D,0.27
498,194,A#,0.28
783,188,C#,0.64
4760,70,D#,0.86
2164,80,C,0.45
2547,70,E,0.83
4233,70,D#,0.62
770,166,A,0.66
4758,155,F,0.5
4428,90,F,0.62
1971,182,G#,0.23
3358,126,D,0.37
552,190,A,0.35
3908,104,C#,0.94
1189,129,C,0.94
4881,64,G#,0.41
4001,138,B,0.64
3770,193,G,0.51
4211,92,F#,1.0
808,64,E,0.71
4337,192,B,0.85
1916,120,B,0.77
37,61,G,0.19
4429,192,A,0.17
4264,102,F#,0.7
985,173,D#,0.66
4124,181,C,0.24
4778,190,G,0.46
3326,138,B,0.86
1163,72,G#,0.55
523,92,F#,0.55
124,122,G,0.96
1370,126,A,0.88
2776,64,C#,0.3
3228,69,C#,0.83
1456,89,G#,0.92
2351,76,F,0.39
4517,157,G,0.21
1220,128,F,0.61
1660,184,D,0.4
1079,65,D#,0.58
917,105,F,0.47
1680,143,G,0.92
3786,95,F#,0.69
1370,90,G,0.85
962,148,C#,0.24
1250,102,F#,0.18
2194,67,D,0.99
1204,142,G#,0.39
3103,187,E,0.57
3269,170,C#,0.31
1566,184,A#,0.75
1507,156,G#,0.61
3901,93,C#,0.1
4724,94,D#,0.34
3162,171,B,0.2
2549,190,C#,0.19
2075,111,G,0.69
4069,97,D#,0.55
3673,172,B,0.45
4671,88,A#,0.12
3789,132,C,0.25
906,126,C#,0.27
4974,187,C,0.25
4504,137,A#,0.65
3445,82,E,0.27
4769,181,C#,0.6
161,188,F,0.71
1153,121,C,0.19
4389,68,B,0.19
4310,86,A#,0.67
4643,130,F#,0.8
355,116,F,0.75
2974,141,C,0.94
175,109,F#,0.79
1811,80,G,0.73
2302,177,A#,0.55
1484,66,G,0.11
4150,160,F#,0.48
821,96,F#,0.75
4227,91,E,0.9
1414,142,G#,0.37
4911,103,F,0.14
3021,185,E,0.12
4389,73,G,0.26
1100,187,B,0.53
3354,88,G#,0.11
2340,178,A,0.4
3515,114,G,0.33
3761,192,C#,0.67
4898,155,G#,0.48
4979,143,D,0.94
1604,192,A,0.23
3134,154,D#,0.46
3792,170,B,0.21
4799,117,B,0.74
1679,128,D,0.95
2204,148,G,0.91
4006,131,G#,0.69
1489,111,G#,0.32
598,142,D,0.26
465,137,A,0.81
3594,139,D,0.18
741,67,D,0.26
1225,185,C,0.54
2102,92,B,0.86
3499,121,C#,0.74
1980,62,D#,0.13
4558,167,F,0.52
1745,183,E,0.46
2420,76,F,0.38
826,130,F#,0.5
391,196,G#,0.17
1846,79,A,0.98
4710,161,F#,0.15
4141,102,B,0.88
88,164,A,0.83
3167,169,C#,0.95
3966,121,B,0.8
1495,111,D#,0.52
3560,112,F#,0.78
594,76,F,0.79
3091,192,F,0.61
3154,195,F#,0.9
2184,183,C#,0.71
4736,135,B,0.13
3675,147,C,0.52
3190,90,A,0.35
10,111,C#,0.74
3358,132,F,0.26
3905,94,B,0.14
4185,115,A#,0.67
2938,124,F#,0.38
3926,88,D,0.6
2279,193,F,0.39
4424,161,C,0.65
3926,160,B,0.93
1184,169,B,0.48
1970,96,A,0.99
3540,60,F#,0.97
4365,192,E,0.65
1864,60,A,0.54
4432,155,A,0.97
2355,63,C#,0.8
1120,122,B,0.92
146,151,B,0.43
3261,141,C,0.95
4786,151,F,0.34
3636,187,E,0.41
1973,176,E,0.84
1666,168,F,0.19
2806,126,F,0.51
2807,128,D,0.14
1948,114,B,0.34
1642,69,G#,0.22
2471,107,F#,0.44
4138,151,C,0.99
3106,136,C,0.75
4166,187,G#,0.65
3084,174,B,0.39
2047,169,G#,0.92
3000,119,G#,0.51
1491,66,F,0.52
4131,89,E,0.79
264,126,A,0.7
1284,112,G#,0.74
3456,124,A#,0.65
4459,186,A,0.56
3573,191,G,0.54
1119,84,G#,0.18
261,90,E,0.16
2643,189,D,0.66
4991,123,D,0.54
897,85,B,0.27
4944,142,F#,0.86
3206,124,E,0.69
3745,148,D,0.26
2445,101,F#,0.2
1486,192,C#,0.6
2089,187,A#,0.78
4677,86,B,0.25
3141,155,D,0.71
1114,138,A,0.66
95,152,C#,0.83
4546,62,D,0.57
1793,165,D#,0.16
3868,98,A#,0.87
3727,84,B,0.28
4823,168,A,0.79
2795,169,G,0.16
1886,79,E,0.75
4213,128,F,0.6
4884,173,C,0.32
1246,114,F,0.11
2178,122,D,0.75
4308,200,D#,0.5
920,133,B,0.83
3423,176,D,0.57
3732,68,B,0.39
4966,68,E,0.61
3426,93,G,0.94
4898,98,D#,0.95
4156,153,D#,0.24
1432,196,F,0.88
3919,122,A,0.37
1607,157,E,0.53
2805,177,A,0.77
2554,161,B,0.2
2863,113,D#,0.83
2595,78,C#,0.4
2667,72,A#,0.36
1338,182,D#,0.72
3700,148,G,0.78
1304,156,C,0.72
3938,95,D#,0.58
1967,166,F,0.39
4573,117,C#,0.37
1651,164,F#,0.81
3129,168,A#,0.53
3408,124,F#,0.38
2382,131,F#,0.49
4390,167,A,0.47
226,129,C,0.77
243,188,B,0.53
909,129,A#,0.71
4580,81,F,0.12
1408,81,A#,0.44
4918,157,E,0.6
3135,84,F#,0.64
3638,126,F#,0.6
2457,184,G,0.85
4628,100,D#,0.32
3822,105,B,0.44
2810,188,C,0.88
602,157,B,0.91
1653,187,A,0.78
3632,193,D#,0.65
4518,129,A,0.23
2928,127,F,0.68
4672,84,G,0.83
844,157,C,0.4
4964,60,D#,0.93
3181,162,B,0.68
1539,153,D#,0.51
4349,87,F,0.24
2105,99,E,0.68
4532,113,A,0.83
4786,147,D#,0.52
1536,126,B,0.8
4129,145,F,0.22
1681,171,B,0.88
2462,64,C#,0.28
2066,72,E,0.53
1863,160,D,0.72
670,75,A#,0.62
894,70,G#,0.26
3892,135,E,0.49
655,180,G#,0.75
1665,190,G,0.24
1494,105,C#,0.95
3832,154,F#,0.34
3617,69,F#,0.16
4569,122,D,0.12
312,134,B,0.25
2578,194,A,0.94
4548,137,D,0.41
869,95,G,0.59
4696,183,G,0.89
1348,75,D,0.98
4855,64,G,0.58
4496,88,D,0.17
88,93,G#,0.33
3814,126,A,0.55
2155,188,C,0.12
1720,159,F#,0.75
950,103,D,0.15
539,117,D,0.38
280,104,E,0.29
4075,184,A#,0.5
291,175,A#,0.23
1133,169,E,0.81
2503,114,F,0.45
2537,103,G,0.65
142,87,E,0.25
4167,60,D#,0.75
215,141,A,0.4
4251,143,A,0.62
3914,161,F#,0.41
4969,78,B,0.2
2045,191,F,0.6
3594,86,C,0.56
4743,106,D#,0.76
1321,62,C#,0.81
2852,130,C,0.7
1021,147,F,0.46
1987,73,F,0.77
3567,133,G,0.96
2225,63,C,0.75
4494,157,B,0.56
557,153,E,0.91
3539,176,E,0.63
3671,91,F#,0.89
1012,108,A#,0.46
1106,124,C,0.12
2201,84,D,0.32
2881,162,D,0.38
1391,76,B,0.21
2997,93,C#,0.54
4073,139,E,0.88
3263,122,F#,0.52
3203,115,C,0.48
3454,86,E,0.96
878,130,D,0.65
3431,163,G#,0.97
358,199,A,0.13
3414,115,B,0.75
55,125,G,0.73
4120,159,F#,0.97
1098,81,G,0.64
3020,119,E,0.46
129,86,B,0.91
2830,118,A,1.0
1447,60,A#,0.86
2349,150,B,0.14
412,176,C#,0.92
924,114,D#,0.76
3677,61,F#,0.78
417,174,F#,0.37
1911,175,D,0.91
1858,84,F,0.11
4686,157,A#,0.54
2691,81,B,0.4
4992,192,G#,0.62
1201,170,G#,0.36
1631,65,A,0.52
1411,76,G#,0.25
1922,128,B,0.81
43,174,D,0.44
2212,157,A#,0.68
512,140,G#,0.82
2733,165,G,0.91
4754,153,D,0.34
1114,113,E,0.95
3865,95,E,0.45
923,99,B,0.79
1538,84,G,0.96
4983,129,A#,0.72
4990,121,A,0.18
3121,63,C,0.4
3242,82,F#,0.34
490,73,F#,0.65
3163,123,G,0.6
4925,185,A#,0.79
1206,187,D#,0.74
1636,67,C#,0.28
254,177,B,0.51
1700,186,F#,0.18
4427,144,F,0.36
3529,194,G#,0.11
4268,85,C,0.98
2009,122,C#,0.68
2408,94,C,0.11
4981,158,F,0.99
3001,153,C,0.76
2231,186,B,0.53
1658,198,F,0.29
2340,176,B,0.75
2599,80,D#,0.71
1692,140,C,0.74
4639,135,G,0.22
1702,111,B,0.2
3300,64,C#,0.48
1031,89,C#,0.55
2729,188,G,0.39
4957,101,C#,0.16
1835,140,B,0.2
154,161,A#,0.24
3461,70,A,0.86
2421,107,C,0.4
4903,198,C#,0.89
4905,80,B,0.53
3831,187,C,0.65
2445,73,E,0.78
2433,69,D#,0.35
1200,151,F,0.4
2031,160,B,0.24
4073,186,C,0.57
171,91,D#,0.2
4824,197,A,0.74
2834,148,C,0.55
91,156,A#,0.58
1131,106,A#,0.14
4371,115,G#,0.51
3726,127,A,0.83
1517,127,G#,0.8
3377,98,E,0.17
4018,131,G,0.77
722,105,F,0.79
1251,126,A#,0.11
1632,83,A,0.12
236,101,C,0.67
1556,117,F,0.14
2090,187,D#,0.29
353,109,C#,0.66
3197,182,C,0.79
2991,102,G,0.24
188,180,F,0.1
1338,86,A#,0.47
4482,186,A,0.2
4235,199,A#,0.67
3411,156,B,0.9
2974,155,E,0.78
362,77,F,0.77
4064,195,G,0.13
1206,149,C,0.39
4938,69,E,0.77
916,160,D,0.33
1371,129,C#,0.11
327,123,G,0.32
608,157,C,0.84
1370,128,E,0.26
3566,112,F#,0.96
2344,65,A#,0.15
4098,111,F,0.46
3741,142,B,0.13
3072,123,C#,0.61
1025,72,C,0.75
3536,141,A,0.41
4231,113,F#,0.68
1662,83,D#,0.43
4987,80,G,0.15
1114,135,F,0.56
4179,119,A#,0.97
570,174,C,0.34
2323,82,B,0.57
4331,93,F#,0.13
919,176,G,0.55
4584,64,A,0.19
2881,188,B,0.93
1389,85,F#,0.61
4049,200,B,0.86
1495,179,F#,0.37
2531,145,D,0.6
3982,146,F,0.45
1071,193,B,0.27
3903,95,G#,0.63
1693,119,B,0.32
4575,137,G#,0.72
4220,86,D,0.98
4763,187,A#,0.36
3162,179,A,0.15
2295,134,D#,0.2
3578,79,F,0.64
4065,174,F#,0.29
4040,150,A#,0.99
4936,97,G#,0.27
1704,158,D,0.88
1509,110,D,0.11
1136,181,F,0.4
420,133,D,0.82
1270,170,F#,0.75
4961,115,C,0.84
3212,67,C#,0.35
638,110,E,0.19
2505,104,C#,0.91
2634,71,F,0.46
4756,95,G#,0.47
2925,179,G,0.59
1811,198,D#,0.26
983,137,B,0.91
3052,186,F,0.46
275,173,A,0.87
205,189,C#,0.64
4357,133,B,0.11
819,198,F#,0.58
89,75,F,0.74
1679,156,C,0.85
1899,68,E,0.5
548,100,F,0.33
4526,186,D,0.67
440,124,F,0.35
284,188,A,0.56
3778,200,B,0.36
124,194,C,0.19
4214,111,F#,0.44
891,79,E,0.3
3270,192,A#,0.12
1485,161,G,0.59
2852,181,B,0.57
3409,196,C,0.19
2607,188,F#,0.37
216,193,A,0.19
4089,170,F,0.62
139,157,G,0.87
2260,152,C#,0.44
4049,107,C,0.26
1600,179,G,0.66
99,161,C,0.49
4433,100,C,0.55
1254,82,A,0.27
4812,187,G#,0.13
1986,169,E,0.96
2676,115,G,0.71
3253,95,B,0.55
4576,92,F#,0.78
1504,72,F#,0.54
1096,88,A#,0.11
187,174,A#,0.93
3982,87,F#,0.68
4863,177,F,0.87
1788,193,F,0.43
4020,117,F#,0.34
1302,134,D,0.25
975,105,G,0.2
1228,147,F,0.33
968,186,G#,0.47
1481,101,F,0.46
3606,140,A,0.85
1709,161,C,0.7
552,116,E,0.45
2293,82,C,0.17
2602,80,D,0.55
3622,64,F,0.58
2071,139,G,0.48
4618,87,C,0.71
2988,197,D,0.96
3028,128,F#,0.13
1450,78,A#,0.34
4284,174,F#,0.7
1857,61,A,0.6
2406,88,F,0.94
1138,199,C,0.34
843,91,C,0.63
4607,121,B,0.44
3723,119,D,0.81
3243,151,C,0.59
3125,148,A,0.95
1565,70,F#,0.88
2188,171,F,0.99
2295,168,A#,0.11
776,81,G#,0.2
978,162,D#,0.28
2630,136,G,0.85
4111,182,A#,0.39
2092,112,D#,0.92
655,107,C#,0.99
2670,116,G#,0.96
4947,72,A,0.73
1405,195,F#,0.55
618,91,D#,0.64
649,194,B,0.21
4655,109,B,0.53
1303,73,A#,0.42
3273,200,C,0.88
2127,72,C#,0.93
3477,121,D#,0.93
4931,68,F#,0.56
934,85,E,0.39
4241,172,A#,0.31
2259,172,F#,0.14
563,134,C,0.69
1758,76,F,0.66
3031,115,D#,0.26
79,174,C#,0.99
1744,79,C,0.17
3890,136,G#,0.41
2740,164,F,0.82
728,81,G#,0.51
2056,145,D#,0.19
111,93,G,0.63
2476,185,D#,0.78
3185,154,D,0.54
2125,66,G,0.16
3154,121,D,0.81
1528,170,F#,0.88
4218,192,A,0.22
4232,142,F,0.54
715,99,E,0.73
2186,92,F#,0.27
3893,144,D,0.44
559,143,F#,0.39
3249,79,G#,0.67
1168,135,A,0.46
2385,107,B,0.62
1313,176,B,0.8
2364,124,A#,0.44
2073,146,E,0.55
3631,142,C,0.38
2599,186,F,0.71
4432,154,G#,0.92
534,135,A#,0.55
1071,181,A#,0.45
331,139,A#,0.8
1496,98,F#,0.18
2568,103,C#,0.45
1019,141,F,0.47
1601,167,C,0.48
3592,89,D,0.12
2783,72,D,0.19
287,188,A#,0.32
211,80,B,0.35
3495,72,A,0.89
4267,95,C#,0.91
4047,188,B,0.6
1301,126,B,0.59
4220,80,C,0.4
723,155,C,0.8
553,124,D#,0.15
430,98,D#,0.87
3335,80,G,0.22
2981,111,F,0.16
2196,154,A#,0.61
4313,143,A#,0.71
4835,73,C,0.37
3445,104,G,0.95
3749,185,G,0.25
3005,103,F#,0.61
1814,125,G,0.41
2388,116,G,0.75
1323,131,C#,0.15
4858,103,B,0.7
2538,72,F,0.44
1753,147,F#,0.56
1340,133,B,0.55
529,158,E,0.8
868,150,D,0.43
1436,102,A,0.55
2196,170,B,0.45
4563,197,F#,0.92
4812,103,C,0.3
495,104,B,0.73
1460,161,E,0.69
89,136,A,0.4
1420,114,G,0.57
3949,84,F,0.68
1542,156,D#,0.62
2570,138,G,0.88
790,102,F#,0.69
3068,174,G,0.99
4716,103,E,0.34
3769,122,F#,0.98
738,161,A,0.8
1250,193,A#,0.83
4179,118,F,0.17
3431,79,B,1.0
428,72,D,0.18
719,80,G,0.84
3805,163,D,0.44
4813,158,E,0.82
3076,121,E,0.86
1267,86,D,0.93
1404,113,D,0.54
4826,178,D#,0.96
4263,106,D#,0.54
1967,141,G#,0.26
820,197,E,0.3
906,106,A#,0.97
2771,192,D,0.95
1241,80,D,0.63
4360,195,C#,0.49
2261,169,G,0.3
3737,95,A,0.38
4907,199,E,0.19
1706,143,G,0.78
2818,165,A,0.86
1761,147,A,0.69
593,153,G,0.8
1106,162,F,0.83
1505,72,D,0.78
4448,105,C,1.0
3493,81,G,0.56
137,86,G,0.61
1944,111,G,0.21
1755,184,D#,0.56
3711,81,G#,0.72
524,139,G,0.64
2406,190,E,0.15
2012,106,D,0.58
1490,171,B,0.93
675,93,B,0.15
1639,119,G#,0.85
4105,116,D#,0.74
4619,110,G,0.72
823,123,E,0.65
802,85,A,0.78
1137,127,A,0.3
1666,135,E,0.82
385,161,F#,0.39
4951,62,F,0.53
2084,170,F,0.97
533,89,G,0.54
514,103,F,0.77
2237,118,A,1.0
2014,68,D#,0.27
4765,141,A,0.45
1485,199,E,0.42
3284,80,G,0.89
1352,165,F#,0.84
1513,132,G#,0.61
305,109,G#,0.35
4616,190,D#,0.63
3724,91,G,0.61
97,87,G,0.66
519,63,G,0.23
235,141,G,0.3
3459,136,G#,0.22
2294,125,F,0.35
2356,146,E,0.2
572,121,G#,0.84
169,187,B,0.48
920,110,G#,0.37
4531,137,E,0.86
4867,89,C,0.25
420,69,E,0.79
4242,63,G,0.78
4421,167,A,0.65
2574,63,G,0.51
1704,75,D#,0.52
4168,88,D,0.37
4544,161,A,0.33
1886,142,A#,0.87
4021,75,C#,0.56
4567,148,C,0.58
3407,131,A#,0.71
1642,116,G,0.55
3738,194,A#,0.78
2212,100,A,0.74
168,131,G#,0.27
2914,151,G,0.92
2955,125,G,0.98
1122,196,E,0.36
3121,63,E,0.96
2028,68,E,0.92
104,134,C#,0.23
1291,179,D#,0.39
970,121,F#,0.13
644,83,G#,0.43
1921,193,G#,0.6
4640,81,F,0.3
111,164,D,0.8
1304,161,C#,0.92
29,103,A,0.81
1898,111,G#,0.9
4896,169,G#,0.76
495,171,D,0.37
3000,121,A#,0.64
1011,171,F#,0.97
1452,87,E,0.33
3567,92,B,0.78
1754,77,C#,0.46
262,156,D,0.49
848,144,B,0.17
2873,88,F,0.86
885,125,G#,0.98
156,142,B,0.83
588,157,D,0.32
2662,128,A,0.28
10,176,G#,0.4
764,150,D,1.0
2053,115,C#,0.81
3170,62,D#,0.67
4197,146,G,0.48
2960,134,C#,0.93
2976,112,F,0.28
42,158,D#,0.35
459,169,B,0.46
2254,168,C,0.63
1431,71,B,0.54
213,95,A,0.5
760,70,C,0.25
269,83,C#,0.87
1132,137,C,0.19
554,186,C#,0.38
4931,142,A#,0.13
3175,81,G,0.67
2839,105,A,0.23
2008,189,F,0.84
1307,99,G,0.71
746,88,G#,0.56
1043,156,D,0.71
2854,125,A,0.51
622,102,G,0.16
1393,148,F,0.31
1559,96,B,0.74
191,68,C,0.16
3120,135,D#,0.89
4254,182,G#,0.83
2994,123,G,0.19
2595,125,D#,0.92
2549,123,A,0.64
3887,163,C#,0.97
2794,162,D#,0.77
342,131,D,0.75
4403,97,A,0.35
3138,179,C,0.51
49,181,E,0.46
4656,185,G,0.11
4878,144,F#,0.13
1987,125,A,0.96
2570,196,G#,0.48
4008,128,G,0.65
2875,91,G,0.64
225,127,G,0.85
4396,131,D#,0.19
4457,111,C,0.43
2575,102,C#,0.91
3231,62,A,0.78
1059,140,F#,0.87
3718,104,D#,0.35
191,130,C#,0.32
1988,60,D#,0.92
2573,185,D,0.22
4291,94,B,0.17
4929,174,C#,0.43
2936,63,A#,0.18
4661,191,C,0.54
1819,164,G,0.46
872,149,G#,0.35
2406,68,D,0.38
2515,118,F,0.95
1531,70,C#,0.97
4844,112,D,0.77
2652,145,G,0.73
3924,190,C,0.97
2581,81,F,0.5
3855,164,A#,0.36
4354,100,A#,0.24
2325,95,A,0.71
338,191,C,0.98
3261,154,F#,0.46
908,178,C,0.77
1136,163,D#,0.88
3098,111,D#,0.84
3799,130,C#,0.63
4688,170,G,0.25
3752,184,A,0.87
4998,133,F,0.49
2059,113,F#,0.35
696,121,E,0.54
4789,79,C#,0.26
2268,116,D#,0.58
1953,132,D,0.65
1877,153,G,0.39
2607,164,B,0.33
3248,112,C#,0.23
4780,111,A#,0.84
1323,85,G,0.31
4748,147,C#,0.25
4112,159,F,0.94
3641,152,E,0.36
727,169,D#,0.71
1954,117,F#,0.79
3481,171,F#,0.2
842,130,D#,0.76
4802,182,A,0.52
2600,164,D,0.24
4947,104,D#,0.76
3099,121,G,0.76
985,167,E,0.2
4372,156,D#,0.63
3682,76,A,0.63
3826,167,F,0.75
2702,78,F,0.79
266,132,E,0.5
2689,76,A,0.25
2452,151,C#,0.89
2504,102,F,0.32
2958,156,F,0.59
1800,188,C#,0.41
1127,89,C,0.5
2898,78,G#,0.89
2293,98,B,0.72
2697,127,B,0.69
3928,111,C#,0.75
92,114,E,0.14
60,174,G,0.8
1757,138,F#,0.73
3163,109,C,0.81
2728,104,G,0.13
935,179,F,0.27
3082,85,C#,0.34
225,131,F,0.47
429,119,C,0.83
4402,166,G#,0.89
3324,139,D,0.97
3789,134,E,0.37
472,152,G,0.5
1563,189,C#,0.23
3372,95,E,0.2
4707,132,F#,0.86
100,138,B,0.48
3454,61,F#,0.14
3397,154,C,0.16
3533,159,C#,0.96
2407,92,A#,0.39
2437,102,G,0.54
3452,127,G,0.22
1348,85,D,0.53
601,118,C#,0.11
2769,179,A#,0.16
2036,87,G#,0.89
1899,138,F,0.51
4154,85,E,0.16
845,199,D#,0.47
2599,189,D#,0.71
1659,187,D#,0.87
4027,198,F,0.74
2050,197,D,0.62
3053,66,G,0.55
4896,180,D,0.92
221,170,B,0.45
4211,92,E,0.46
4885,98,F,0.71
2913,105,D#,0.94
4928,77,C,0.33
1778,107,F,0.53
3000,108,F#,0.57
4289,173,F,0.93
4783,187,D#,0.95
4023,92,A#,0.84
4071,62,A,0.53
319,70,F#,0.92
4972,111,A,0.37
370,124,B,0.58
1980,175,D#,0.17
2955,174,A#,0.4
4911,60,A,0.72
2494,157,E,0.12
166,139,C#,0.2
2663,94,C#,0.85
879,140,D,0.71
1646,130,A#,0.9
4101,175,G#,0.87
882,60,A#,0.24
2758,151,B,0.17
1011,185,F,0.62
1615,152,G#,0.18
516,85,F,0.19
1482,119,A#,0.21
4818,94,A#,0.61
1988,94,C,0.95
4175,164,C,0.47
2451,148,E,0.28
4942,175,C#,0.9
4575,173,A#,0.2
4378,65,F,0.91
2013,100,F,0.61
2842,166,F#,0.37
3791,103,C,0.59
2117,173,F,0.74
4253,182,F,0.37
797,195,A,0.54
83,87,E,0.11
715,162,F,0.36
4617,196,A#,0.24
652,198,A,0.63
4353,178,A#,0.18
872,164,D,0.12
2708,168,B,0.48
4588,96,G#,0.6
4867,108,C,0.41
2259,93,G,0.9
1801,155,E,0.8
2953,181,D,0.64
1396,82,G#,0.82
3317,131,G#,0.35
4920,99,D,0.99
1464,174,C,0.43
894,189,D#,0.24
2530,89,A,0.45
3241,153,D#,0.34
1281,186,G#,0.76
3246,160,G#,0.12
2731,122,B,0.67
2182,180,F#,0.17
1146,78,G,0.57
399,60,A#,0.58
2481,162,C,0.97
4519,91,C,0.1
4500,197,A#,0.47
4344,139,G#,0.62
2135,115,F,0.98
3896,195,F#,0.48
540,63,A,0.52
3933,114,E,0.17
1424,70,C,0.24
4085,157,F#,0.63
1640,75,A#,0.92
3251,144,C#,0.9
1256,72,F#,0.53
3678,147,G#,0.34
4606,77,F,0.82
59,123,C,0.52
1556,129,A#,0.26
4664,145,F,0.53
4768,196,G#,0.95
1067,182,F#,0.18
3244,161,G,0.64
4337,140,B,0.88
2965,65,A,0.49
222,188,F,0.9
456,70,A#,0.85
2982,177,F#,0.34
4346,169,F#,0.9
668,163,D#,0.83
4344,166,F#,0.43
2733,126,D#,0.5
4238,90,D,0.11
3941,194,F,0.66
3327,100,A,0.95
2635,154,A,0.83
2789,61,C,0.43
1175,172,C#,0.76
1666,137,C#,0.55
2610,84,A,0.94
3086,76,E,0.73
2620,92,D,0.43
1188,122,B,0.62
4158,77,G#,0.37
683,76,D#,0.87
1309,88,A#,0.76
4802,165,C,0.66
2558,186,C,0.25
243,150,G#,0.94
4977,184,B,0.72
2216,174,G,0.68
357,79,F#,0.75
1164,73,F,0.33
3134,130,G#,0.21
61,188,G#,0.47
1071,157,D#,0.97
1619,100,C#,0.66
4391,60,D#,0.6
16,61,D#,0.11
4202,97,B,0.38
2198,104,C,0.37
1507,151,C#,0.22
2796,180,D#,0.81
1145,72,F#,0.91
4383,191,D#,0.16
487,91,C,0.21
325,75,A,0.62
4138,61,A,0.99
4099,97,A#,0.61
1170,136,E,0.7
1431,194,F#,0.9
284,187,G,0.84
1046,125,D,0.42
4783,174,E,0.36
277,186,F,0.41
3111,83,F#,0.38
2939,142,B,0.73
4583,150,A#,0.4
4465,133,C#,0.68
933,124,C#,0.83
2951,99,C#,0.89
1599,136,D#,0.61
285,196,A,0.33
385,176,C#,0.97
1582,137,G#,0.85
2466,101,A,0.19
3240,199,D,0.6
3544,184,G#,0.36
4601,66,C#,0.39
4884,129,A#,0.15
3927,77,D#,0.4
4670,131,C,0.64
402,128,B,0.9
1398,94,F#,0.93
2496,199,A#,0.12
1601,150,A#,0.33
3248,162,D#,0.18
2090,197,F#,0.48
1192,157,C,0.23
3329,170,A,0.49
3795,169,F,0.45
2592,76,F,0.45
3245,141,B,0.88
1018,188,F,0.21
3471,130,A,0.48
274,185,D#,0.54
2148,90,A,0.6
1846,90,E,0.77
4038,169,D#,0.89
1233,120,F,0.73
4665,124,F#,0.71
1971,190,F,0.16
1266,174,G#,0.72
2117,84,D#,0.35
2915,106,D#,0.18
4938,92,D#,0.95
4501,195,C#,0.37
2782,152,C#,0.69
3361,120,C,0.49
3134,160,C#,0.79
3724,136,A,0.38
2750,106,A#,0.68
4798,177,A#,0.82
2040,195,G#,0.65
2348,178,C,0.74
123,168,E,0.3
4479,136,D,0.41
3317,76,G,0.56
1997,186,G#,0.57
750,105,A#,0.46
4364,161,B,0.62
1893,115,E,0.47
4255,141,C#,0.22
311,62,D,0.69
398,199,F,0.26
3662,125,E,0.63
2217,181,G,0.11
3356,94,G,0.27
3384,182,F,0.64
2642,102,B,0.12
4818,194,G,0.13
3950,84,B,0.44
3540,117,A#,0.79
3765,173,G,0.86
3444,151,G,0.61
3068,113,A,0.58
2877,74,C,0.79
4000,147,D,0.91
569,178,C,0.31
361,156,C#,0.76
4399,113,D#,0.45
3527,63,D,0.75
4005,167,C,0.3
4647,164,B,0.14
774,191,E,0.42
1953,94,A,0.15
3299,151,G#,0.51
1171,120,A#,0.28
3923,158,F#,0.85
2044,134,E,0.65
196,148,G#,0.37
2093,62,G#,0.97
3931,148,C,0.56
3736,63,F#,0.54
1510,91,C#,0.25
3144,184,E,0.99
244,122,C#,0.68
414,108,C,0.6
4538,119,D,0.65
2557,166,C#,0.24
2408,67,D#,0.85
4197,81,D#,0.2
2621,143,F,0.38
1870,154,G#,0.44
3156,102,F#,0.99
1482,90,B,0.4
3402,108,G#,0.26
1437,170,F,0.25
2229,86,G#,0.77
437,104,E,0.66
1630,68,G#,0.15
4828,64,B,0.47
2965,132,E,0.94
2038,171,B,0.99
3365,163,F,0.5
26,141,F#,0.97
2411,167,F#,0.51
2914,139,A#,0.94
2422,127,F#,0.76
2104,143,D,0.48
947,144,D#,0.5
998,74,E,0.82
2464,146,C,0.78
1993,128,C#,0.26
2265,198,C#,0.64
4296,124,G,0.87
1514,80,C#,0.94
1586,123,G#,0.47
4842,103,D,0.99
4554,180,E,0.76
2924,92,E,0.41
1757,117,E,0.46
4740,108,G#,0.64
582,96,G#,0.3
3240,158,D#,0.63
384,81,B,0.87
1561,79,B,0.7
2372,82,F,0.74
4751,76,C#,0.48
627,178,A#,0.51
4211,116,D#,0.67
3939,70,F#,0.71
4246,149,B,0.41
3012,67,B,0.82
4953,150,C#,0.66
3145,191,G,0.11
415,138,A,0.66
875,191,D,0.38
1001,168,G#,0.8
678,169,A,0.61
2174,161,G#,0.46
4710,122,D#,0.18
1906,109,A#,0.85
4408,84,B,0.85
2362,133,A,0.53
3664,150,D,0.8
1253,74,F,0.94
4038,127,G,0.89
566,190,G#,0.39
3509,191,C#,0.22
1675,90,C,0.84
4337,148,D#,0.33
4544,104,G,0.35
1460,186,F,0.94
1903,79,A,0.17
3449,138,G#,0.46
4425,121,F,0.9
87,176,A#,0.24
2559,192,G,0.11
1967,69,C,0.26
4476,179,A,0.69
4699,169,C,0.87
4780,84,G,0.88
3400,89,E,0.22
3612,199,G,0.94
4646,188,D#,0.74
4518,112,A,0.65
1298,61,G#,0.24
838,132,B,0.41
578,90,D,0.12
3389,63,A#,0.55
3097,116,B,0.86
1940,74,A,0.33
2853,196,A#,0.33
1740,84,D#,0.97
4244,141,F#,0.44
141,141,F#,0.29
4780,99,G#,0.48
4993,164,C#,0.75
2824,197,D,0.82
2940,94,E,0.68
2447,113,A#,0.35
4336,112,C,0.94
2171,82,B,0.78
1614,119,B,0.36
4551,188,G#,0.41
3898,181,A#,0.38
1583,157,A,0.69
842,71,D,0.41
982,108,A#,0.9
2894,136,D,0.65
3241,130,G,0.58
3910,192,F#,0.37
3208,166,D,0.58
3062,70,G#,0.91
4488,163,E,0.64
549,116,A,0.98
4249,161,C,0.89
3819,146,F#,0.36
4444,174,A#,0.1
156,110,D,0.73
4160,199,C,0.52
2319,103,G,0.12
3175,135,G,0.9
1028,118,G,0.26
2111,110,A,0.51
4122,165,G#,0.41
2398,157,F,0.79
4619,145,C,0.44
4603,165,D,0.49
533,193,A#,0.89
2071,116,E,0.85
646,125,B,0.28
943,91,E,0.25
1638,138,G#,0.14
1787,61,E,0.96
4222,194,C#,0.93
3850,155,C,0.71
3470,78,C,0.45
677,63,C,0.4
3885,195,G,0.62
122,80,D,0.15
4278,171,A,0.27
3364,158,B,0.31
3818,114,C,0.65
2967,105,C#,0.94
3924,197,B,0.31
2765,155,G#,0.67
4885,176,D#,0.27
4777,110,C,0.16
2421,198,C,0.12
2956,157,B,0.91
3217,177,D#,0.14
4780,63,A#,0.16
2898,157,D,0.44
2002,76,F,0.24
3680,72,F#,0.49
4136,183,C,0.69
2591,198,A#,0.85
1236,122,G,0.58
1187,138,C#,0.92
4736,123,A,0.58
3482,127,C,0.79
4615,106,D,0.64
495,108,F,0.4
2607,74,F,0.22
4937,185,A,0.72
699,155,F#,0.24
3110,161,G#,0.18
1814,98,A,0.52
4327,89,F,0.1
4540,125,G,0.19
3150,82,D,0.36
1247,193,G#,0.93
3100,199,B,0.38
1147,174,A#,0.46
3728,147,A,0.31
4868,91,C,0.28
1639,145,D#,0.32
2176,102,G#,0.56
4925,106,C#,0.69
4094,172,A,0.37
172,134,F#,0.64
946,95,B,0.22
2593,97,F,0.2
2958,70,F,0.32
164,136,D,0.96
3708,186,C,0.67
3539,106,F#,0.67
2922,91,A,0.76
1482,104,E,0.28
4631,188,D#,0.93
4483,136,B,0.24
4089,178,G,0.47
4034,63,E,0.36
347,117,A,0.11
3983,157,G,0.23
2322,76,G,0.13
3728,116,B,0.76
219,153,A,0.77
1743,100,F#,0.63
3075,118,E,0.16
1989,188,D,0.53
2590,133,F#,0.82
5000,100,A#,0.37
4255,149,F,0.27
3995,136,A,0.64
3634,137,D,0.5
4064,168,G,0.97
4565,107,G,0.54
4172,157,G,0.28
4527,180,C#,0.23
2699,149,F#,0.86
3476,169,E,0.63
2512,101,E,0.41
4724,173,B,0.87
4175,124,E,0.47
4015,88,G,0.28
1042,129,G,0.94
2973,74,E,0.97
3721,183,D#,0.11
4939,152,A,0.97
3990,116,C,0.81
3071,132,B,0.67
4950,101,F#,0.22
4377,70,A,0.57
2159,108,A,0.66
3700,143,A,0.5
119,71,E,0.72
1761,116,A#,0.12
176,112,G#,0.38
1961,188,G#,0.56
3344,71,C,0.44
982,177,F,0.78
4508,76,D,0.8
2028,101,G#,0.21
2658,161,E,0.12
727,106,D,0.59
1628,68,F,0.36
1529,143,F#,0.95
4442,138,G,0.65
1474,157,A,0.43
4355,149,C#,0.98
2457,190,D,0.23
1322,72,E,0.19
2312,64,C,0.93
3460,158,A,0.18
2018,129,B,0.25
1957,194,C#,0.53
3542,72,C,0.35
1105,144,G#,0.43
1003,174,E,0.68
4700,119,A,0.15
4116,97,A,0.19
1590,102,D,0.2
2229,94,E,0.13
790,64,C#,0.3
4863,76,C#,0.85
305,150,G#,0.91
913,169,G#,0.26
3395,145,D,0.1
1283,99,A,0.56
2184,61,F,0.7
3669,112,F#,0.79
3148,62,G#,0.22
3691,174,A#,0.51
4672,175,F,0.26
468,158,C,0.94
3160,190,F,0.91
4632,198,F#,0.79
4297,187,F#,0.59
3025,167,G,0.23
2568,64,C#,0.48
4846,195,C,0.66
240,150,D#,0.12
1033,197,A#,0.34
3340,121,D#,0.36
579,89,D#,0.18
2695,71,A,0.16
727,106,F,0.99
1180,68,C#,0.15
3920,126,A#,0.99
3370,187,F,0.39
4568,112,F,0.99
4668,157,A#,0.71
3661,100,A#,0.88
2801,185,B,0.94
1720,80,F#,0.36
489,154,G#,0.53
1305,151,F,0.45
4043,166,D#,0.41
3010,198,D,0.62
3798,200,G#,0.44
1091,158,G,0.18
1157,80,F#,0.56
1051,175,B,0.87
3941,190,A,0.25
383,66,G,0.47
3517,91,F,0.11
3697,96,B,0.81
538,149,G,0.13
1405,67,G#,0.58
3244,180,A#,0.19
249,136,A#,0.78
3662,137,D#,0.54
3678,81,A,0.71
680,62,F,0.64
1092,62,D#,0.64
2114,76,E,0.75
4645,141,F#,0.8
424,149,B,0.13
839,141,G,0.69
1694,136,C,0.95
4103,150,G#,0.1
2262,89,E,0.57
1470,102,F,0.92
855,60,E,0.41
3743,151,C,0.24
1782,99,G,0.34
1531,196,D,0.84
482,74,C,0.68
1725,67,D#,0.49
3381,97,G,0.79
1493,83,D#,0.18
1047,197,G,0.78
4032,193,F,0.49
40,148,E,0.99
38,66,A,1.0
3621,169,A,0.5
355,171,D#,0.47
4475,128,F#,0.82
3400,102,F#,0.65
2526,159,C#,0.29
3652,123,C#,0.93
1809,164,C#,0.93
2538,86,E,0.54
385,80,G,0.11
928,128,C#,0.63
4356,133,D#,0.26
2554,92,C#,0.49
3739,132,G#,0.35
3520,173,B,0.48
4839,196,B,0.2
1322,119,D#,0.15
2604,167,B,0.78
2669,81,A#,0.89
4351,136,F,1.0
2418,156,G#,0.5
2449,139,C#,0.35
1640,78,C#,0.57
2116,115,D#,0.77
1837,151,B,0.99
4515,105,D,0.26
735,198,A,0.36
4921,132,G#,0.54
2029,138,B,0.21
1758,162,D,0.19
1958,197,E,0.73
3931,97,C#,0.94
1037,115,E,0.33
4787,99,D#,0.96
2078,180,A,0.81
4456,165,F,0.94
3373,157,C,0.43
2675,95,D#,0.68
2505,172,A#,0.6
2402,124,G#,0.61
4797,178,D,0.61
667,105,A#,0.73
2349,132,A,0.69
231,138,C,0.61
4436,161,D,0.75
3597,115,C,0.49
4870,60,F#,0.1
1511,92,E,0.35
1332,106,B,0.5
2533,157,B,0.73
1000,177,C#,0.94
2528,118,C#,0.28
2323,130,A,0.8
3073,169,A#,0.33
3885,150,F,0.63
3160,73,G#,0.12
1718,137,A,0.49
2971,148,E,0.19
217,166,G,0.53
2173,70,C#,0.65
660,108,A#,0.31
4930,146,B,0.71
1562,63,B,0.18
1403,70,D#,0.23
1530,74,A,0.6
2095,115,A,0.16
3243,167,C#,0.96
3947,178,F#,0.33
1102,189,G,0.35
304,151,C#,0.75
1616,107,A,0.66
3696,69,F,0.79
2750,65,G,0.44
1913,115,C,0.51
4282,157,D,0.53
3146,181,G,0.57
4495,188,G#,0.98
3803,198,F#,0.49
1474,98,G,0.55
4914,150,G#,0.19
196,92,A#,0.72
740,145,F,0.13
3076,99,F#,0.72
4881,198,E,0.44
721,194,F,0.57
1874,96,C,0.29
773,131,C,0.86
328,143,G,0.33
1811,184,A#,0.8
3480,187,D,0.48
1428,183,A,0.4
3014,105,C,0.1
1971,196,C,0.35
354,196,C#,0.53
1898,129,D#,0.88
3798,116,F,0.11
1166,128,G#,0.97
4653,179,G,0.77
4455,61,G,0.32
1209,68,B,0.75
4280,130,C#,0.74
1328,157,G#,0.7
601,132,D,0.52
2419,198,G#,0.24
1044,66,D#,0.61
3386,136,E,0.13
411,188,G,0.87
2265,60,D#,0.95
1061,136,G,0.96
1919,76,F,0.2
484,104,A#,0.31
248,79,F,0.15
3990,197,B,0.96
2879,66,D#,0.29
3047,175,C,0.65
1229,125,D,0.34
4304,70,G#,0.89
475,161,D#,0.41
1774,195,G#,0.3
2698,63,D,0.97
3447,156,D#,0.22
3178,192,C#,0.82
345,194,E,0.18
458,111,A,0.54
3733,166,F#,0.55
2376,182,C,0.19
3249,109,E,0.82
4252,173,D#,0.73
806,171,F#,0.55
3693,166,A#,0.32
956,158,E,0.73
3667,179,A#,0.37
4329,190,C,0.94
1077,101,G#,0.87
3073,170,F#,0.4
1623,183,E,0.44
4021,65,A,0.26
574,134,B,0.2
4127,128,E,0.13
1201,154,G,0.51
3991,176,D,0.83
3712,143,F,0.89
810,151,A#,0.49
3932,125,B,0.26
1369,140,C#,0.73
3609,131,E,0.18
4364,168,G,0.72
4893,105,B,0.63
3144,191,C#,0.5
968,189,G#,0.39
42,113,F,0.57
4,193,B,0.98
4593,182,C#,0.26
2774,64,E,0.82
4269,72,B,0.65
383,74,B,0.22
3013,161,G#,0.22
4227,117,F#,0.3
2551,132,E,0.3
947,148,D,0.67
2614,152,F#,0.4
3140,193,F,0.95
2483,101,C#,0.51
1543,133,G,0.68
3951,162,B,0.91
2486,178,F,0.89
154,161,D,0.32
1580,166,A#,0.19
3110,80,D,0.14
4141,171,C#,0.97
2339,132,C#,0.22
1538,191,C#,0.41
4084,92,C,0.53
3300,92,A#,0.3
4088,137,A#,0.63
2660,109,G#,0.28
3873,107,F,0.36
119,195,A,0.34
3389,63,F#,0.37
180,150,D,0.91
2023,73,C#,0.68
3136,193,A,0.41
4098,162,F,0.15
4024,140,G#,0.65
3395,150,F#,0.43
1148,73,A#,0.1
4489,133,G#,0.25
1295,110,C#,0.44
3392,95,B,0.3
493,99,E,0.85
950,149,D#,0.27
4847,195,F#,0.47
1830,191,A,0.72
1491,178,E,0.51
3282,134,B,0.53
3321,123,C#,0.49
2131,71,C,0.27
3222,146,F,0.31
192,77,D,0.89
3857,189,E,0.99
2633,88,E,0.34
145,150,F,0.44
494,100,A#,0.21
1962,108,C,0.13
1097,84,F#,0.11
406,149,C,0.5
2836,92,B,0.2
4426,63,A,0.96
1852,198,A#,0.93
3494,173,D#,0.38
2300,123,C,0.95
786,190,B,0.53
585,148,E,0.46
1034,191,C#,0.76
223,81,F#,0.34
2010,133,F,0.97
1747,199,C,0.73
4305,112,F#,0.53
2936,123,G,0.67
419,88,D#,0.41
4843,154,F,0.96
3355,62,G#,0.73
2743,76,F,0.36
1675,178,A#,0.65
1417,167,F,1.0
4809,62,F,0.42
3424,100,A#,0.72
4153,127,E,0.31
3093,102,A,0.23
2807,77,D#,0.49
3808,75,G#,0.79
1356,85,A#,0.6
1402,62,G,0.84
749,147,E,0.41
675,135,E,0.61
3537,165,G#,0.51
2501,94,F#,0.82
4535,110,G,0.47
497,69,E,0.53
4504,60,C,0.64
2132,95,B,0.24
2731,189,F,0.63
25,179,A#,0.86
878,173,F#,0.67
2433,157,D,0.38
3237,198,C,0.25
2007,78,F,0.52
2273,61,C#,0.94
610,62,A#,0.46
4418,172,C#,0.18
1182,80,C#,0.58
4895,74,D,0.2
2043,176,B,0.21
694,108,E,0.28
1764,113,F#,0.35
1003,76,A,0.21
1663,142,G#,0.14
409,78,G,0.59
4016,167,C,0.37
2557,192,C#,0.2
4651,139,G#,0.77
3088,148,G#,0.42
906,106,C,0.1
2058,143,A#,0.97
2960,158,G#,0.48
4876,129,D#,0.99
1345,92,D,0.67
1431,74,G#,0.41
4909,196,F,0.5
3781,107,F#,0.51
4067,175,A#,0.8
1962,83,C#,0.13
1559,166,F,0.7
1728,162,C#,0.91
4116,63,D,0.99
4975,170,C,0.38
886,124,E,0.28
3624,119,E,0.5
2622,85,C,0.11
1537,140,C,0.14
3785,139,C#,0.18
2708,104,G,0.94
3607,74,G,0.27
2406,142,E,0.8
2046,90,B,0.63
1402,71,B,0.55
456,200,C#,0.99
1145,118,D,0.19
4597,71,F,0.27
1914,193,B,0.11
1842,92,F,0.76
4369,112,C,0.1
946,74,F,0.43
3126,86,F#,0.5
284,69,D,0.88
4727,164,E,0.72
3502,160,G,0.4
3531,77,C,0.48
627,189,D#,0.47
2061,93,A#,0.62
934,128,F,0.89
2122,76,D,0.68
2863,171,C,0.61
3808,61,B,0.15
4709,135,F,0.89
2936,107,C#,0.71
107,103,D#,0.11
1665,151,C,0.18
1170,133,D,0.52
3752,130,B,0.87
1053,151,A#,0.73
3731,129,E,0.27
2522,79,C#,0.7
2806,95,D#,0.16
699,189,C,0.21
2134,123,A#,0.21
1558,64,G#,0.27
1049,105,D,0.62
4263,165,A#,0.13
1647,88,G#,0.51
2749,195,G,0.31
925,160,F,0.12
2618,161,G#,0.82
3524,163,G,0.85
4101,100,C#,0.65
2291,167,F#,0.8
427,162,D,0.53
4843,74,C,0.59
2468,146,B,0.27
1670,111,D,0.85
2192,137,E,0.81
4828,72,A,0.91
2250,138,E,0.11
996,177,G,0.79
1032,123,A,0.45
1216,61,G#,0.25
2675,175,A,0.23
2071,140,F#,0.65
3312,180,D#,0.66
3523,131,B,0.29
2720,133,F,0.71
1500,164,F,0.13
2204,91,D#,0.98
933,164,A,0.41
1833,188,A#,0.55
343,110,E,0.6
2411,151,A,1.0
35,106,A#,0.48
4469,170,C,0.22
1388,69,C,0.91
4637,183,B,0.38
3292,97,F#,0.83
2616,122,A#,0.27
3299,71,D#,0.99
2036,196,F,0.7
438,111,G,0.94
3485,188,F#,0.13
3051,117,F,0.62
206,83,C,0.9
566,89,B,0.98
3113,143,A,0.47
820,138,C,0.7
2105,176,B,0.15
1323,104,G#,0.88
1112,132,D,0.24
3372,143,A#,0.57
3589,112,F,0.6
3576,91,A,0.87
2019,155,C#,0.39
4574,159,A,0.78
368,177,G,0.96
380,99,G#,0.71
3345,105,F#,0.49
3301,142,A#,0.75
2278,135,G,0.24
4402,63,B,0.36
3355,137,D,0.21
3225,197,E,0.1
1301,170,A,0.83
997,63,B,0.1
1209,83,D#,0.95
4815,195,F,0.64
4878,124,G#,0.56
706,169,D,0.77
4955,70,C#,0.77
1267,124,D,0.52
1720,147,B,0.32
327,94,G,0.19
2280,187,C#,0.43
1723,190,D,0.64
1561,113,D#,0.84
3186,141,D#,0.53
4528,200,G,0.66
2303,194,E,0.52
4006,138,G,0.11
1044,145,G#,0.58
1086,88,D,0.2
3784,108,D#,0.34
1770,182,G#,0.72
3573,154,E,0.52
1703,100,C#,0.34
2659,182,D,0.85
3633,115,C,0.64
4559,165,C,0.43
65,117,E,0.54
3452,136,B,0.52
3241,153,C#,0.62
1991,121,A#,0.6
4348,129,G#,0.72
652,98,E,0.6
4973,99,G#,0.99
2279,131,A,0.89
1473,119,D#,0.17
963,108,D,0.82
449,61,G#,0.7
4880,82,B,0.38
4092,132,G,0.36
910,182,B,0.67
4914,147,C,0.48
3458,191,C,0.55
544,64,C#,0.38
4934,108,A#,0.96
780,161,E,0.75
4011,61,G,0.82
338,130,A#,0.64
4,77,G#,0.71
1929,120,D,0.93
4301,85,F#,0.6
4787,179,D#,0.56
3898,193,D#,0.5
4747,90,G,0.11
2987,196,E,0.52
922,163,A#,0.54
4472,134,F#,0.6
1800,96,G,0.36
2759,141,D,0.78
4808,156,C#,0.72
3393,182,B,0.86
4039,129,F,0.22
2147,192,G#,0.62
4695,88,D,0.19
541,156,A,0.58
1782,151,B,0.21
2106,200,A,0.81
4369,169,A#,0.33
1278,195,G,0.94
2879,113,A#,0.37
2229,115,C#,0.56
722,190,A,0.27
2523,109,D,0.32
308,176,G,0.1
486,132,B,0.84
3818,71,C#,0.87
1559,73,A#,0.17
2513,145,G,0.14
3831,139,F#,0.51
4083,171,B,0.46
4302,130,A,0.71
2517,89,A,0.25
3465,66,C,0.66
2270,136,F,0.44
1267,191,C,0.23
1172,168,E,0.23
3412,157,E,0.33
1213,96,D#,0.83
268,102,A#,0.15
2630,193,A,0.21
985,124,G#,0.34
2533,100,G,0.79
2147,177,G,0.99
929,150,G,0.45
3710,153,G#,0.26
563,190,G#,0.68
2875,121,F,0.13
3640,144,D,0.3
3348,65,A#,0.23
537,131,B,0.97
1475,97,A#,0.13
4946,142,D,0.66
150,150,G,0.46
4746,199,F,0.18
1223,95,F#,0.5
1025,134,D,0.6
4627,177,B,0.67
3919,158,C#,0.95
4546,134,E,0.27
4272,170,E,0.12
4691,164,E,0.85
10,116,F#,0.73
1546,180,C#,0.41
664,91,A#,0.39
1791,69,D,0.84
836,167,C,0.77
1376,148,A,0.14
2251,81,G,0.75
3426,111,C#,0.38
2242,77,A,0.98
687,71,G,0.82
411,129,A,0.49
832,122,C,0.64
3402,134,D#,0.11
3156,127,F,0.86
2758,112,D,0.94
1371,144,A#,0.76
3615,88,A#,0.71
2321,99,D#,0.85
245,91,D#,0.25
4099,119,E,0.4
804,182,C,0.99
4773,61,C,0.55
3479,172,A#,0.24
1675,74,E,0.2
3798,155,D,0.63
1323,127,A#,0.71
1453,79,F#,0.64
1982,176,F#,0.67
1493,149,D,0.97
1335,87,D,0.19
4332,107,D#,0.5
4506,145,A#,0.31
327,149,D#,0.78
1631,139,C#,0.79
1313,148,G#,0.41
16,141,B,0.29
1752,168,D,0.63
1570,104,G#,0.29
4616,108,D,0.15
3177,146,E,0.66
4329,167,B,0.13
72,61,F,0.65
215,188,F,0.19
2290,108,B,0.72
450,181,D,0.26
4987,101,C#,0.84
4424,60,A#,0.16
2256,144,G,0.61
3991,118,D,0.88
275,106,A#,0.54
1771,74,C#,0.85
3254,114,C,0.72
4018,101,A#,0.23
2580,102,G,0.31
2300,148,D,0.59
2530,124,E,0.13
3604,160,C#,0.57
351,130,C#,0.12
4074,79,B,0.77
4123,179,F#,0.56
1448,73,A#,0.59
972,121,G#,0.91
3066,105,A#,0.12
3797,111,G#,0.42
3813,129,G#,0.21
397,173,D#,0.15
4286,189,G#,0.39
4231,103,C,0.65
232,172,D,0.41
3985,81,F#,0.72
3573,71,F#,0.18
3161,124,F#,0.33
3684,200,A,0.12
4879,80,G#,0.75
1158,100,C#,0.12
678,128,B,0.82
3864,148,F#,0.42
1688,131,F,0.79
3958,107,A,0.55
3789,91,A,0.76
2982,69,G#,0.25
910,159,D,0.33
1728,84,G,0.63
1069,121,E,0.8
2498,142,A#,0.91
3058,150,D,0.16
231,109,E,0.51
66,178,E,0.68
1412,181,C#,0.12
4901,72,F,0.42
4333,77,A#,0.53
184,72,C#,0.3
1716,77,C#,0.98
3080,193,E,0.53
1769,180,E,0.44
2739,81,D#,0.76
621,152,C#,0.58
2083,69,G#,0.79
4270,146,C#,0.22
4502,184,D#,0.93
2510,108,C,0.8
2002,84,G#,0.5
721,120,F,0.73
2565,77,F,0.46
3173,194,F,0.28
566,170,B,0.47
4804,167,F,0.62
3911,85,C#,0.73
4555,62,A#,0.53
1597,72,D,0.72
4415,177,C#,0.55
1110,148,C#,0.19
1865,85,E,0.17
2846,119,A,0.98
3542,104,A,0.38
25,188,D#,0.76
1485,94,G#,0.99
4469,71,C#,0.19
3513,152,B,0.55
830,61,C#,0.32
3304,74,A,0.46
347,67,G,0.6
250,162,A,0.46
1111,62,F#,0.65
2319,170,D#,0.33
962,128,F,0.41
3890,180,F,0.25
4713,106,B,0.94
1410,83,D#,0.42
1897,185,E,0.91
2014,129,A,0.69
651,112,E,0.46
2982,131,C,0.84
1094,111,F,0.54
318,98,G#,0.23
1295,115,F#,0.75
1480,125,B,0.13
1289,112,C#,0.7
678,196,D#,0.8
2229,72,D,0.21
2868,119,G,0.94
3648,91,C,0.15
4951,193,C,0.55
4857,64,F#,0.97
278,165,C#,0.97
304,92,G,0.4
3232,196,B,0.25
3849,135,D#,0.19
4996,192,C,0.94
684,61,E,0.41
3525,124,F,0.31
1506,142,G,0.58
4347,85,G,0.58
746,117,E,0.4
4428,136,G#,0.31
2487,65,A,0.13
4697,148,G#,0.51
1563,175,D,0.41
1166,73,F#,0.73
2001,105,D,0.69
777,167,A#,0.97
2733,107,E,0.53
4867,194,A#,0.12
4577,85,C,0.14
1706,138,D,0.67
2887,76,C#,0.3
908,197,D#,0.51
4230,61,D,0.78
3590,161,G#,0.37
4746,112,D#,0.5
3175,190,A,0.98
722,89,F,0.79
2194,147,G,0.69
1824,69,F#,0.55
3150,109,D#,0.72
1498,117,G#,0.24
3405,168,A,0.7
2875,67,F,0.12
4725,64,G#,0.23
1660,102,F#,0.75
1812,113,G#,0.74
3953,178,C#,0.84
2754,107,G,0.6
668,118,F,0.62
2444,140,G#,0.66
1393,71,C,0.35
3727,118,G#,0.82
3976,169,D,0.64
113,103,C,0.32
1609,137,D,0.74
2804,178,A#,0.1
756,74,C#,0.99
3615,119,B,0.12
4920,72,D,0.48
4583,188,D#,0.48
2241,83,E,0.12
240,133,F#,0.78
2732,110,G#,0.73
1131,141,F#,0.56
1695,80,E,0.84
2029,200,D,0.17
1001,79,C,0.32
4013,73,G,0.6
2988,180,E,0.28
131,72,D,0.11
2236,100,D#,0.41
3268,144,C,0.53
2806,76,E,0.5
2588,136,A,0.39
80,75,G#,0.68
3464,62,E,0.35
4091,104,B,0.49
1291,170,D#,0.62
2971,146,D,0.97
2766,117,C#,0.54
470,200,D#,0.59
4049,160,D#,0.4
328,172,G,0.48
504,132,D#,0.33
4683,197,F#,0.1
4749,83,A,0.53
3554,84,G,0.26
2074,69,D#,0.5
276,118,A#,0.18
3,91,F#,0.29
2554,77,F#,0.42
2493,132,F,0.4
1171,85,A#,1.0
2506,90,E,0.29
2643,178,C#,0.36
1212,69,C,0.57
3050,109,A#,0.11
1743,95,F#,0.98
4176,165,G,0.97
4291,95,A#,0.49
1690,129,E,0.96
250,95,A#,0.19
670,93,B,0.36
3648,95,D,0.35
2837,71,F,0.98
531,196,D,0.76
4617,156,B,0.74
3526,110,G#,0.61
1345,146,B,0.15
687,72,F,0.87
925,136,D#,0.8
128,84,F,0.35
283,113,E,0.26
2207,71,B,0.32
23,128,F,0.91
4205,104,F#,0.3
4466,108,C#,0.4
2134,133,A,0.67
3203,112,F,0.51
1720,186,C,0.75
148,128,F,0.19
3750,167,A#,0.36
2278,87,D#,0.11
4752,89,F,0.3
3545,98,A,0.2
2571,138,D#,0.37
251,114,C,0.82
4892,181,A#,0.77
970,184,G#,0.17
4421,166,C#,0.84
4471,158,A,0.83
2990,143,A,0.47
1641,129,D,0.73
4726,150,A,0.6
17,118,D,0.9
2681,187,G#,0.39
3772,183,A,0.36
2885,188,A,0.44
1154,176,F,0.51
3214,103,G,0.78
4057,69,B,0.31
2113,151,D#,0.7
2175,65,F,0.16
4522,87,F#,0.6
1681,101,C#,0.51
1666,185,D,0.37
1566,71,A,0.2
571,128,D,0.94
109,158,D#,0.27
3009,164,G,0.69
4292,84,G#,1.0
1914,192,G,0.6
675,162,D,0.23
1143,159,D,0.59
3822,193,C,0.17
784,197,A,0.17
281,169,C,0.39
2001,176,G#,0.12
4796,63,F,0.15
3474,97,D,0.87
260,200,C#,0.69
1279,130,A,0.26
2583,173,A,0.77
4651,116,D,1.0
341,67,A#,0.33
4187,150,E,0.15
1466,62,D#,0.58
3328,147,C,0.43
4107,143,G#,0.67
128,95,C,0.86
4606,114,F,0.94
3844,110,G#,0.67
2199,110,C#,0.82
2831,93,C#,0.3
2345,167,A#,0.66
3648,65,C#,0.81
1214,162,D,0.29
1677,71,B,0.29
583,117,F,0.13
135,88,G#,0.88
3144,77,A#,0.91
3257,60,C#,0.82
4624,98,C,0.56
3560,98,C#,0.91
4470,100,G#,0.25
2460,165,A,0.34
3199,111,A#,0.14
3106,176,A#,0.29
1777,136,A#,0.89
2834,114,D#,0.46
4663,100,A,0.17
647,109,C#,0.88
4710,75,B,0.31
994,112,F,0.52
1871,104,G#,1.0
3903,123,A,0.74
3110,97,G#,0.92
4934,196,B,0.4
4195,119,C#,0.14
3380,137,E,0.57
2707,162,B,0.6
4834,147,G,0.97
1125,112,D#,0.76
416,150,G,0.41
1035,67,A#,0.51
128,76,D,0.29
4217,132,F#,0.25
2610,127,F#,0.61
3176,84,G#,0.24
1247,85,G#,0.9
3530,61,B,0.38
3270,80,C,0.53
2151,167,C#,0.27
4317,188,G,0.18
1701,131,D,0.29
395,149,G,0.67
3897,96,E,0.47
1529,136,C#,0.69
3963,171,C,0.84
4651,175,D#,0.48
2341,157,F,0.83
1868,137,F#,0.28
4951,171,D#,0.77
647,184,A,0.56
3252,175,E,0.94
4689,104,F,0.34
1759,160,A#,0.85
4138,195,G#,0.33
4544,171,G,0.99
2545,86,A,0.41
2134,167,C#,0.8
4455,112,C,0.27
4717,139,A,0.41
264,116,A,0.83
1513,117,A#,0.2
2128,82,F#,0.34
2489,87,D#,0.36
2494,140,C,0.75
3746,185,A,0.32
2682,154,G#,0.37
3756,164,A,0.61
780,132,C,0.63
176,126,C#,0.76
4087,104,B,0.25
2313,113,A,0.19
833,193,D#,0.42
3882,198,A,0.97
2639,142,E,0.27
779,159,C,0.38
2465,152,C#,0.58
4585,91,G#,0.72
4182,183,A#,0.88
360,192,C,0.84
2160,169,D,0.93
3708,65,A,0.93
4115,102,B,0.51
3342,101,B,0.35
3252,68,C,0.51
4734,69,G#,0.12
657,96,C,0.67
3916,173,A#,0.46
864,172,D,0.11
181,68,F#,0.94
669,198,C,0.76
857,150,B,0.83
1972,170,B,0.92
78,105,D#,0.5
4127,68,E,0.32
3300,85,A#,0.84
2212,62,F,0.35
3870,194,F#,0.24
739,164,D#,0.29
1075,134,E,0.33
2195,176,B,0.73
4350,162,D#,0.41
67,173,E,0.15
1468,112,G#,0.17
1318,142,A,0.98
683,190,G,0.55
1774,126,D#,0.13
2711,115,G,0.35
433,160,D#,0.45
1316,157,F#,0.23
4485,174,F#,0.42
3751,111,F,0.11
4568,195,C#,0.94
3047,106,F,0.23
290,119,G,0.42
3876,142,A,0.28
151,127,C,0.46
2871,97,G#,0.53
4296,81,B,0.65
4163,167,D,0.28
4471,179,D#,0.54
4719,77,A,0.72
4131,195,F,0.9
22,117,F,0.53
4587,194,A,0.56
1304,184,B,0.68
215,69,F,0.24
4884,69,C#,0.25
2012,73,C#,0.5
4434,176,F#,0.93
4318,141,A,0.25
2881,117,E,0.48
3117,77,D,0.24
829,118,A#,0.24
4063,123,A#,0.55
4652,125,G#,0.83
4397,91,F,0.36
664,124,A,0.33
87,94,D#,0.45
2187,89,A#,0.71
2902,102,B,0.44
3374,164,E,0.26
1034,73,D,0.78
1952,186,C#,0.68
2426,191,A#,0.52
1308,187,G#,0.86
4159,84,D,0.5
2988,70,C,0.94
1764,109,C,0.58
1538,61,C,0.47
3009,153,B,0.15
4275,140,F,0.79
691,82,B,0.41
4859,198,F#,0.31
1491,142,F,0.2
3949,197,F,0.75
1917,175,D#,0.18
4155,181,D,0.87
3019,188,C#,0.87
3018,189,G#,0.99
401,69,D#,0.9
3550,149,A,0.29
4623,66,G#,0.11
4080,152,B,0.13
4853,129,A,0.81
2761,108,G,0.23
2800,136,B,0.6
544,89,A#,0.41
3303,189,D,0.75
1331,182,D,0.89
1603,194,F#,0.89
2886,156,E,0.74
3161,126,F,0.39
1526,117,D#,0.77
2390,137,D,0.15
494,101,B,0.3
51,185,C#,0.79
4710,169,G,0.48
2113,193,B,0.18
499,71,A#,0.84
4231,187,D#,0.35
3393,194,B,0.18
53,99,F#,0.4
249,161,G#,0.17
4603,125,B,0.54
3518,143,C,0.34
1242,157,D,0.88
1410,99,D,0.98
682,178,D,0.81
2982,172,G,0.88
3833,193,G#,0.73
2791,181,G#,0.64
671,150,A#,0.17
515,163,B,0.78
1027,149,A#,0.53
4120,175,E,0.87
3195,62,C#,0.69
481,165,C#,0.93
1281,114,F#,0.43
1613,172,C,0.35
317,176,C,0.42
3011,109,G,0.39
2002,100,C,0.53
1223,67,D#,0.21
2038,193,G,0.33
179,69,D#,0.83
772,182,D#,0.96
4834,82,A#,0.34
1957,86,G,0.56
3547,60,A,0.17
819,64,G#,0.84
1909,68,C,0.81
2706,155,A,0.68
4505,80,G,0.21
1018,73,E,0.5
3076,107,G#,0.31
1426,105,F,0.32
145,134,C,0.14
1885,135,F,0.57
2083,103,B,0.11
2039,103,F#,0.75
1639,149,A,0.59
273,76,A#,0.36
1495,158,B,0.94
2419,124,B,0.5
1902,195,C,0.84
1218,174,G,0.77
708,186,F,0.14
3444,121,F,0.24
1736,122,D#,0.54
4121,83,E,0.87
1313,88,G,0.59
2531,125,G#,0.24
445,114,A#,0.5
371,83,F,0.59
334,65,E,0.9
3514,113,E,0.49
1170,95,A,0.59
285,169,F,0.18
220,144,G#,0.54
1926,82,F,0.33
259,67,A#,0.26
3328,125,A#,0.58
1640,162,D#,0.24
1733,147,C,0.82
4218,162,G,0.11
3699,65,F,0.51
3993,155,D#,0.26
813,194,D#,0.43
3744,127,D,0.83
3391,173,B,0.72
3451,130,G#,0.82
1682,64,G#,0.5
1051,109,A#,0.44
2801,102,B,0.82
1948,171,E,0.93
1865,74,A,0.76
4989,124,B,0.91
2585,113,C#,0.31
1016,101,B,0.4
1650,109,C,0.82
1111,171,D,0.38
3024,102,E,0.54
1808,179,C,0.62
877,90,B,0.38
2620,80,C#,0.26
1220,77,F#,0.33
4319,130,F,0.27
293,131,C#,0.47
4690,100,D,0.97
4921,193,A,0.67
432,142,E,0.83
4717,152,B,0.74
1729,62,C,0.8
4599,60,E,0.37
2323,191,C#,0.82
2661,130,F#,0.46
3842,86,F,0.88
478,168,D,0.8
4056,131,F,0.79
2379,99,G#,0.78
3610,135,G#,0.18
4623,72,C,0.89
3275,155,A#,0.35
4101,191,A#,0.91
1930,148,B,0.23
2964,195,C,0.21
775,184,C,0.11
3199,70,E,0.34
4133,159,C,0.23
167,136,G#,0.79
4845,183,B,0.49
1470,153,A#,0.42
312,158,A,0.57
715,193,A#,0.54
349,143,B,0.68
1533,103,F#,1.0
267,145,A,0.5
4021,94,F#,0.83
1908,135,C,0.19
1634,172,A,0.28
3363,142,C#,0.89
4582,174,B,0.75
4434,194,D,0.6
2707,98,D#,0.8
22,133,D#,0.36
4888,93,A#,0.69
4158,112,A#,0.34
1803,111,C#,0.23
1629,170,G,0.48
2386,186,G,0.99
870,77,E,0.12
3116,178,A,0.46
2621,118,A,0.66
4312,156,F#,0.41
455,111,F,0.53
1111,78,G#,0.78
4495,130,G,0.87
4695,128,A,0.24
1122,107,D#,0.98
3828,107,D,0.66
4262,152,A#,0.5
3215,200,D#,0.12
4245,123,F#,0.37
3603,176,A,0.32
1723,183,C,0.7
557,70,B,0.36
4785,154,G,0.4
1860,104,A#,0.42
352,103,C,0.8
542,113,F#,0.37
4133,116,A#,0.62
1005,84,A#,0.91
4795,104,C#,0.67
3277,102,G#,0.99
2744,187,B,0.47
149,102,F#,0.37
1504,64,F#,0.69
1093,157,C#,0.99
832,194,D,0.17
1148,137,B,0.27
4671,196,C#,0.59
2775,175,A#,0.18
3986,68,D,0.68
1842,112,D,0.6
3158,65,C#,0.73
2513,61,A,0.89
4683,133,C#,0.76
4618,92,C#,0.98
4803,155,G,0.79
2544,91,C#,0.96
137,173,D,0.98
1775,86,B,0.17
319,94,A,0.3
475,130,A#,0.99
2587,116,D,0.13
1635,175,E,0.84
16,185,G#,0.22
1073,132,C,0.9
1838,163,G,0.38
178,129,A,0.98
2800,91,C#,0.41
2399,77,G,0.25
320,77,A,0.55
1574,179,A#,0.12
2002,170,D#,0.65
4488,187,G#,0.54
3060,182,C#,0.99
1503,111,G#,0.24
3663,87,C#,0.25
1548,125,B,0.51
1394,126,A#,0.26
1822,185,C,0.25
3299,111,C#,0.55
3081,72,D,0.98
4801,194,G,0.17
2695,181,D,0.41
3841,137,B,0.24
5000,134,A,0.49
3852,190,D#,0.14
4856,65,A#,0.67
3960,152,B,0.31
3161,118,B,0.99
2509,108,F#,0.29
1703,177,C,0.23
2495,177,G,0.43
3617,161,G,0.42
2340,89,G,0.93
3068,131,G,0.98
2361,169,D,0.69
2146,70,G#,0.37
4460,109,D#,0.31
2268,147,A,0.58
1416,65,C#,0.2
3474,123,B,0.54
1356,189,D,0.62
4258,127,F#,0.28
3360,191,A#,0.73
180,187,C#,0.61
395,70,D,0.87
628,84,F,0.75
3136,199,F#,0.5
278,133,D#,0.44
4109,126,C#,0.48
1166,72,F#,0.16
3336,170,D,0.97
2292,151,D#,0.67
1961,151,F#,0.73
4216,111,C,0.45
2996,88,G,0.74
1800,98,E,0.92
2495,158,G,0.43
3981,183,G#,0.13
476,181,A#,0.41
2248,123,D#,0.36
4596,190,D#,0.73
3764,106,A#,0.66
746,136,F#,0.26
4020,69,C#,0.63
53,190,A,0.41
3257,165,D,0.81
1880,92,F,0.73
4944,162,A#,0.39
3426,178,A#,0.31
1786,131,C,0.46
3976,174,G#,0.54
2063,156,F#,0.9
2080,133,D#,0.3
773,111,D#,0.16
2712,124,A,0.29
8,190,B,0.41
1817,171,A#,0.45
338,180,D#,0.9
4835,179,A,0.69
2624,169,C,0.65
3145,177,D,0.87
1110,180,E,0.74
26,132,F,0.15
924,127,C#,0.72
321,192,A#,0.57
4290,139,C#,0.1
417,188,D#,0.2
4569,191,B,0.26
655,153,A,0.96
1499,187,A#,0.24
363,182,G#,0.25
2363,99,E,0.6
4048,67,F#,0.57
1150,163,B,0.71
4397,71,A#,0.79
1900,134,A,0.92
2163,148,F#,0.92
3900,72,C#,0.63
3226,191,C,0.6
1201,106,B,0.86
4591,118,D,0.47
4060,121,G,0.94
2689,173,A#,0.78
386,99,C,0.94
3780,116,F#,0.43
566,82,F,0.41
3766,112,F,0.37
3166,94,F,0.93
3694,105,G,0.55
2424,119,G,0.9
2831,142,C,0.2
3948,127,C,0.38
4849,119,F#,0.51
299,136,D,0.77
1662,109,G,0.58
134,62,D,0.41
3678,129,D#,0.98
2452,198,E,0.5
3147,199,A#,0.26
4421,189,C#,0.12
3158,194,D#,0.99
1483,117,C#,0.25
2361,198,G,0.76
879,176,E,0.25
1043,112,B,0.85
2380,177,F#,0.16
786,77,F#,0.63
1955,102,C,0.34
4808,76,C#,0.76
552,156,B,0.93
1431,191,C#,0.17
3045,200,F#,0.61
3446,89,E,0.77
714,94,A#,0.15
256,89,C#,0.64
3594,80,G,0.58
2598,143,E,0.27
3196,198,D#,0.24
2809,76,F,0.92
4416,152,B,0.42
580,140,C#,0.12
2896,62,A#,0.15
1998,123,D#,0.75
4657,175,D,0.95
4686,92,C#,0.89
2569,88,A#,0.43
4821,81,B,0.6
4288,142,F#,0.59
3450,126,F#,0.33
530,189,A#,0.18
2191,84,F#,0.94
2593,182,C#,0.41
1830,151,G,0.68
627,152,D#,0.54
3955,72,E,0.72
2562,108,F,0.5
581,120,D#,0.24
3772,100,G#,0.45
3519,168,G,0.36
846,114,E,0.76
901,164,E,0.48
14,172,C,0.43
1112,88,D#,0.6
1314,162,F#,0.6
1216,100,A,0.5
3480,177,D#,0.17
4558,127,B,0.48
256,153,G,0.98
1213,63,G,0.47
806,94,D,0.74
3465,91,A,0.29
2220,177,D#,0.1
333,110,D#,0.85
700,199,D#,0.18
3606,64,A,0.77
2146,114,C,0.53
625,97,G,0.44
1534,100,G,0.53
2856,98,D#,0.74
4761,79,E,0.41
2658,165,G,0.36
2149,119,D#,0.94
917,149,B,0.95
4959,128,B,0.67
4311,164,A,0.22
3949,60,C#,0.44
2595,174,C,0.11
696,95,D#,0.18
930,124,F,0.74
1682,185,E,0.9
1613,139,E,0.63
1357,93,F#,0.29
3289,62,D#,0.38
850,126,F#,0.56
1266,192,F#,0.51
3180,133,D#,0.82
4539,107,A#,0.24
790,163,B,0.16
4807,91,D#,0.96
4180,64,A#,0.61
235,188,F,0.22
889,91,C#,0.7
3579,116,B,0.47
135,144,C#,0.2
4866,121,A#,0.1
1882,156,C,0.69
912,102,C#,0.61
929,94,B,0.5
4617,190,D,0.45
323,130,A#,0.58
2465,118,F#,0.8
4026,94,D,1.0
402,65,F#,0.3
4984,165,A#,0.26
3782,177,F,0.63
1428,184,D#,0.43
2022,109,G#,0.96
2026,175,B,0.15
2674,98,E,0.18
1803,181,F,0.33
1426,87,B,0.72
4974,73,C,0.85
1713,124,G#,0.62
3477,102,B,0.32
3980,172,A,0.58
318,111,G,0.2
2871,154,D#,0.64
1576,66,E,0.83
3645,110,C,0.96
1598,104,D#,0.8
4374,190,G#,0.55
4168,168,D,0.71
535,96,F#,0.25
2645,64,D,0.15
848,156,B,0.31
4604,160,F,0.85
1621,181,A,0.29
4479,63,G#,0.49
3655,145,G#,0.56
1619,158,F,0.92
4037,166,A#,0.21
2305,168,C,0.3
2151,182,D#,0.41
2990,113,D,0.34
4985,113,B,0.66
1255,77,B,0.54
3984,98,D#,0.62
3852,143,B,1.0
2116,186,G#,0.77
2834,196,F,0.68
1909,149,B,0.19
2602,109,A,0.95
795,148,B,0.54
1979,158,C#,0.39
2232,140,F#,0.31
2537,84,F,0.67
2733,67,A#,0.8
642,176,F#,0.79
3436,177,C,0.41
2845,99,C#,0.21
1130,75,D#,0.38
4621,68,C,0.3
1310,119,B,0.23
663,98,A,0.59
3224,126,C#,0.97
178,97,C,0.77
4534,147,G,0.11
1277,114,D,0.79
4311,83,F,0.76
4356,124,E,0.29
2629,158,D#,0.15
2560,84,F#,0.19
3847,167,D,0.95
1501,143,D,0.43
3754,122,F#,0.96
3082,108,G,0.34
2522,139,B,0.17
815,101,C#,0.59
3406,111,F,0.12
720,183,E,0.78
4021,163,A#,0.7
3410,173,B,0.75
3989,152,G,0.75
1232,194,A#,0.4
901,110,A#,0.24
1392,126,C#,0.23
4199,135,F#,0.39
938,200,A,0.42
2734,189,D#,0.78
789,80,D#,0.56
2561,173,C,0.34
170,92,A#,0.23
1249,169,C,0.42
2834,108,G#,0.97
1521,129,C,0.47
364,197,C,0.85
1833,124,A,0.31
1466,190,A#,0.76
2502,171,G#,0.79
3248,186,F,0.27
1818,149,F,0.27
4864,113,C#,0.22
3442,121,D#,0.31
3758,156,G,0.84
3960,147,A#,0.47
2910,83,A,0.93
4044,188,A#,0.75
1804,120,D,0.69
1995,190,C#,0.47
2185,170,E,0.94
4444,167,C#,0.75
4808,126,D,0.41
646,181,D#,0.9
4505,185,B,0.38
284,84,D#,0.11
3322,200,G#,0.59
3099,149,D,0.8
595,188,G,0.71
2987,118,A#,0.75
1934,164,G#,0.85
786,124,B,0.42
1729,62,C,0.72
1978,103,G#,0.62
2334,116,C#,0.18
1106,110,A,0.28
1612,74,D,0.37
4569,111,A,0.47
259,124,E,0.49
657,130,B,0.77
2782,98,E,0.58
2784,156,C,0.33
66,142,F,0.73
3089,160,F,0.3
705,189,D#,0.95
4383,111,A,0.32
4589,146,C,0.91
3898,147,B,0.93
3089,107,F#,0.44
164,146,C#,0.52
2600,140,D#,0.32
827,62,A#,0.16
101,195,C#,0.16
1477,122,C,0.24
1256,180,B,0.88
402,92,F,0.42
4684,76,G,0.52
4972,148,E,0.51
3074,117,A,0.74
4418,188,B,0.3
3479,146,C,0.76
3087,200,A#,0.2
3733,174,B,0.92
4200,92,A,0.27
4337,83,E,0.65
3931,161,C,0.3
2863,141,C,0.35
181,75,A#,0.48
4602,165,G#,0.92
3905,63,G#,0.64
577,89,C,0.89
1653,169,C#,0.43
1771,182,G#,0.12
3909,126,C#,0.81
4438,149,E,0.75
405,200,A#,0.16
3979,131,C#,0.67
3810,176,C,0.67
2406,178,B,0.22
1140,118,A,0.8
4205,178,B,0.79
4951,109,G#,0.64
764,110,F#,0.25
2161,117,B,0.1
1493,179,G#,0.8
2037,150,E,0.28
2645,66,G#,0.87
1486,98,D#,0.47
3733,161,A#,0.25
3149,97,G,0.68
4251,187,C#,0.39
3670,191,G#,0.81
4342,169,F#,0.78
3643,89,F,0.72
538,75,F,0.45
4355,141,E,0.67
4333,154,G,0.71
1040,63,E,0.55
1211,75,A,0.73
3276,126,B,0.94
3045,73,E,0.28
2259,151,B,0.31
297,169,D#,0.12
2571,129,F,0.17
3521,65,G,0.56
4279,137,F,0.6
2000,76,G,0.91
3035,64,G,1.0
4176,67,F,0.67
3635,62,A#,0.85
4042,133,A#,0.86
4249,147,A#,0.34
1392,189,A,0.52
247,195,F#,0.99
72,172,C#,0.58
3872,73,A#,0.94
2266,100,B,0.47
1118,115,F#,0.66
1654,65,F,0.38
2861,69,E,0.35
990,154,C,0.8
1966,172,D,0.2
877,70,E,0.71
3918,185,B,0.28
2204,172,A,0.46
124,186,A#,0.87
3852,111,A#,0.79
4289,108,C#,0.93
4528,131,A,0.55
3962,175,D#,0.47
1351,196,C,0.87
4374,74,D#,0.5
3360,90,A#,0.47
3298,188,G,0.37
2422,159,A#,0.92
3752,185,E,0.65
3277,61,F#,0.61
3227,165,D#,0.34
1568,170,E,0.43
2768,120,C,0.45
1185,104,A,0.4
2513,67,C,0.88
671,137,F#,0.75
4394,143,E,0.61
4947,94,C#,0.64
1416,130,C,0.3
215,78,F,0.39
4346,69,A#,0.72
3868,66,G#,0.69
582,171,F,0.39
422,162,D,0.24
3271,134,B,0.77
213,144,G,0.62
1477,161,C,0.15
1225,182,F#,0.38
145,88,A#,0.62
2460,104,E,0.98
4191,140,E,0.51
3316,87,D#,0.83
3962,195,D,0.41
891,109,D,0.62
3722,168,G#,0.77
1066,183,B,0.26
295,82,G,0.42
2252,164,F,0.85
235,163,E,0.73
1098,198,B,0.62
3668,136,C,0.16
4655,192,D#,0.23
2707,143,D#,0.99
4332,77,D#,0.2
1824,148,C#,0.91
3974,177,G,0.87
4904,197,C#,0.3
4436,185,A,0.38
4579,172,E,0.74
3676,169,D,0.59
3212,112,G#,0.93
3426,197,E,0.77
4823,173,A#,0.78
886,67,D,0.53
2796,157,G,0.49
4601,186,A#,0.98
821,159,G,0.84
2568,195,B,0.19
3168,195,C,0.48
1093,80,A,0.91
2305,71,C#,0.88
3783,156,C,0.62
4002,175,D,0.33
4131,147,G,0.76
1688,191,D#,0.86
2969,88,F,0.44
4098,73,A#,0.7
4843,102,E,0.54
4977,67,B,0.33
27,198,F#,0.71
3330,138,G,0.31
2225,62,G#,0.44
2645,67,G,0.86
4063,99,B,0.72
746,118,G#,0.14
330,125,B,0.78
4142,60,F,0.79
4510,106,A,0.6
1117,160,F#,0.23
2582,114,D#,0.58
505,196,D,0.59
47,111,F,0.86
2257,176,G,0.75
2245,84,G,0.32
3377,97,B,0.5
2515,97,E,0.2
1765,100,G#,0.24
3537,125,C#,0.37
691,179,E,0.33
3956,108,C,0.18
1287,102,C,0.51
3131,67,C,0.59
121,139,D#,0.61
4874,114,G#,0.67
4223,124,D#,0.51
952,64,B,0.22
3822,142,F#,0.21
1583,145,D#,0.56
4675,129,A#,0.42
923,155,F#,0.26
352,75,D#,0.76
3160,200,F#,0.17
1271,192,B,0.96
1282,139,F#,0.1
706,79,A#,0.54
792,69,C#,0.52
2679,171,G#,0.9
3608,196,F,0.92
2811,174,G,0.69
448,63,B,0.37
3491,130,C,0.31
3042,124,F#,0.48
682,190,B,0.53
963,171,B,0.17
2162,136,A,0.47
3279,121,G#,0.42
1641,79,F,0.79
4897,182,A#,0.9
2989,65,C#,0.68
4154,131,D,0.52
2841,76,A,0.61
226,170,F#,0.89
719,121,G,0.81
2526,110,A,0.58
2454,107,E,0.62
1517,137,A#,0.75
717,118,D#,0.49
3897,90,G,0.74
3401,190,C,0.65
338,144,D,0.13
3155,89,G,0.58
2509,74,A,0.29
2302,166,D#,0.5
648,100,C,0.27
3886,71,F,0.95
505,137,F#,0.4
4231,126,F#,0.58
3148,187,F,0.15
4291,85,E,0.4
4620,69,D,0.87
303,191,C,0.78
3471,197,C,0.31
3176,108,D#,0.91
3794,138,C,0.84
734,178,C#,0.36
2695,69,C#,0.61
130,140,D#,0.55
2527,97,E,0.79
1324,140,G#,0.24
3454,148,F,0.92
1588,74,E,0.57
1646,187,C,0.86
529,91,G,0.82
1751,96,E,0.43
3482,155,E,0.79
505,174,G,0.84
44,160,E,0.25
2251,157,C#,0.82
2423,123,E,0.43
4922,116,A,0.85
3537,73,F,0.18
4952,154,D,0.58
3709,159,E,0.29
4890,157,A,0.79
1149,179,E,0.41
839,90,A#,0.55
4458,155,A,0.18
2932,130,D,0.32
503,124,A,0.48
730,152,A,0.19
3524,171,E,0.68
2273,157,C,0.9
2203,113,C#,0.74
4384,67,C,0.17
775,198,D,0.94
3263,103,F,0.15
3722,141,G,0.78
4432,84,F,0.72
3527,118,C,0.61
3425,139,G#,0.51
1677,104,G,0.54
696,124,D#,0.78
1242,137,A,0.24
15,85,D,0.68
2380,183,D,0.67
4574,138,G,0.41
392,131,D,0.18
4841,124,B,0.31
4604,103,D,0.19
1802,123,D,0.66
720,128,F#,0.87
3327,164,A#,0.14
2088,161,G#,0.84
1354,107,F,0.31
3298,155,F,0.78
1782,120,B,0.25
1823,82,F#,0.84
2617,166,C,0.31
1411,84,G#,0.43
2617,107,C,0.94
3158,171,F#,0.43
4330,68,G,0.7
2042,187,F,0.29
3048,193,A,0.74
4739,157,A,0.62
4125,88,F,0.53
3103,106,D#,0.71
327,199,D#,0.35
2199,115,D#,0.29
2766,117,G,0.36
4714,95,F#,0.12
3422,70,A#,0.92
732,149,C,0.14
1511,134,F,0.36
650,172,G,0.53
3638,91,D,0.64
1106,89,G#,0.57
909,110,G#,0.35
4299,146,D,0.63
1089,68,C#,0.77
4930,112,F#,0.28
35,138,G#,0.25
2323,78,G#,0.11
1610,164,A#,0.24
1957,181,G,0.64
1114,118,E,0.19
4355,134,D#,0.41
4624,129,F#,0.58
1862,157,A,0.82
2654,167,D,0.44
3574,101,F#,0.91
3761,156,G#,0.5
1512,147,F,0.33
536,199,G#,0.66
2042,72,D,0.16
3779,138,A,0.73
2924,149,C,0.87
2199,158,E,0.32
3814,200,C,0.34
845,115,D#,0.53
1993,145,C,0.69
4069,70,D,0.72
1365,81,E,1.0
2439,94,A,0.25
880,92,D#,0.38
4746,61,D,0.23
1786,176,D#,0.92
3994,60,B,0.92
802,182,G,0.31
190,100,B,0.77
2014,129,G#,0.89
3813,111,C,0.51
198,174,F#,0.93
64,66,B,0.97
2917,183,C#,0.45
4727,100,A#,0.88
428,171,D#,0.3
2152,153,D,0.97
4555,131,F#,0.17
2594,122,C#,0.74
1221,125,E,0.67
3031,94,G,0.15
962,106,F,0.73
2857,183,F,0.64
3683,87,F,0.88
287,159,B,0.61
4133,89,F#,0.15
4107,174,F#,0.71
1090,189,F#,0.59
549,126,A#,0.28
3201,89,D,0.44
1709,181,G#,0.91
2692,186,A#,0.75
4475,93,F#,0.83
250,123,A,0.22
2104,100,F#,0.27
2696,112,D#,0.14
1298,63,A#,0.26
1619,98,G,0.54
2166,199,C#,0.11
883,81,G#,0.37
4624,75,G#,0.16
4231,154,D#,0.45
2896,195,C,0.83
4181,107,D#,0.6
2206,190,B,0.97
915,66,A,0.7
1058,180,G,0.52
3343,112,B,0.33
2515,92,C,0.25
3635,112,A#,0.86
577,140,F,0.76
4326,93,B,0.93
1344,191,B,0.8
3679,122,C,0.22
16,63,F#,0.69
4446,97,F#,0.45
1474,187,B,0.5
3426,180,A,0.64
2900,153,B,0.34
2702,61,D#,0.96
2820,63,G#,0.19
991,199,F#,0.58
2028,83,A#,0.73
1353,108,B,0.28
4499,180,A,0.92
3218,108,C#,0.91
927,138,F#,0.52
3531,82,G#,0.42
3884,114,F#,0.59
2423,61,G#,0.9
4680,145,F,0.87
1232,118,F,0.92
2800,136,C,0.45
743,109,C,0.94
921,108,B,0.25
202,81,B,0.24
4730,69,C,0.44
3095,151,B,0.42
4824,167,A,0.88
588,119,F#,0.48
4642,119,F,0.57
2435,64,F,0.64
3856,162,G#,0.84
1529,115,B,0.93
1716,136,A,1.0
245,157,D,0.2
200,164,G,0.63
3439,159,G,0.21
4471,105,C,0.66
3427,187,C#,0.22
4168,182,G#,0.76
717,138,B,0.16
4399,147,B,0.82
4202,67,B,0.44
2808,182,E,0.79
926,151,C#,0.23
2316,106,C#,0.15
3539,88,G#,0.73
4811,92,D,0.33
1133,63,D,0.79
1161,159,G#,0.81
1780,200,D,0.31
179,64,G,0.36
260,68,F,0.1
2237,188,G,0.11
758,143,C#,0.5
558,194,G#,0.62
2989,180,C#,0.98
3689,94,B,0.15
377,132,A#,0.96
217,89,D,0.4
1965,73,F,0.59
2053,142,D#,0.14
814,84,D#,0.78
428,129,E,0.8
360,155,A#,0.31
1380,166,F#,0.84
302,151,A,0.97
1270,96,A,0.57
3945,80,E,0.14
1737,199,B,0.55
4517,108,A#,0.75
2100,66,G#,0.24
2352,131,D,0.33
2592,112,D#,0.57
1224,109,C#,0.85
1677,83,G#,0.54
1952,156,F#,0.55
424,113,G#,0.48
1165,94,A,0.98
1594,145,A#,0.17
4685,97,C,0.85
3600,95,F,0.92
1356,155,C#,0.35
2250,179,A,0.85
4936,164,F,0.51
1440,140,G,0.29
3000,153,G#,0.41
1625,95,F#,0.13
2072,179,G,0.2
989,144,A,0.79
4261,93,C#,0.18
1781,130,C,0.69
4990,141,G,0.13
1749,67,B,0.97
3424,122,E,0.41
1005,199,G,0.53
636,164,A,0.75
3697,94,A#,0.32
1691,167,C#,0.41
4834,106,D,0.93
2298,162,C,0.53
35,79,D#,0.88
3727,79,B,0.55
2527,86,B,0.51
2676,72,B,0.83
3275,154,A,0.54
1524,137,C#,0.3
492,196,B,0.45
4660,170,G,0.14
518,67,G#,0.92
2658,129,A,0.7
1656,146,G,0.87
1069,125,G#,0.45
671,68,A#,0.66
3380,185,D#,0.46
4648,121,D,0.63
1394,187,D#,0.24
240,124,A,0.37
3408,97,B,0.9
614,152,D,0.33
1193,100,E,0.66
4877,96,G#,0.99
2399,122,F,0.78
234,69,D,0.89
4151,137,C#,0.67
4222,173,A#,0.65
4498,93,C,0.99
3150,72,F,0.59
1069,122,G,0.46
1903,101,F,0.54
1405,121,E,0.73
178,135,D,0.9
10,63,C,0.77
3458,126,C#,0.44
1947,182,A,0.84
2502,109,C#,0.78
1347,200,A,0.88
2164,61,D,0.22
472,132,G,0.79
3772,71,D,0.5
2110,175,G#,0.25
1791,81,A,0.61
229,147,A#,0.23
4194,173,D,0.61
3977,108,A#,0.5
1842,114,G#,0.94
1406,195,E,0.39
1342,140,C#,0.35
4856,124,E,0.42
4976,122,C,0.44
2237,164,A,0.33
2848,80,C#,0.1
1409,143,G,0.51
1096,84,E,0.13
4282,117,D#,0.75
3044,134,D,0.45
3126,177,B,0.72
1786,71,A#,0.33
767,75,D,0.81
1968,124,C,0.55
3188,155,F#,0.64
2790,114,A#,0.59
2481,121,F,0.15
1347,121,C,0.73
4796,108,G,0.24
1821,75,D,0.15
2780,160,A#,0.94
3142,173,F,0.18
1101,66,G#,0.76
3927,138,A,0.87
2067,164,G#,0.55
1528,86,B,0.47
1164,83,C#,0.29
1881,65,G#,0.35
2581,84,F#,0.53
1330,115,C,0.28
669,73,F#,0.63
751,127,G#,0.95
3053,85,A#,0.56
3228,196,D#,0.51
646,184,D#,0.3
3677,184,F,0.74
2088,75,A,0.69
4640,128,D#,0.55
167,189,D#,0.2
1533,138,D,0.32
2442,113,B,0.88
3973,168,E,0.25
1366,114,D,0.22
2403,91,F#,0.47
1132,185,G#,0.64
1920,81,C,0.39
860,77,C#,0.65
1317,137,A#,0.6
978,182,A#,0.92
2821,179,G,0.96
3831,197,C#,0.2
1392,171,F,0.93
4063,79,C,0.21
4603,83,A#,0.68
4912,144,E,0.59
2193,62,E,0.83
3805,135,G,0.21
4478,153,G#,0.27
3608,161,C,0.1
3079,156,F#,0.26
309,96,G#,0.82
3860,154,D#,0.34
1787,62,F,0.66
811,65,C#,0.69
884,164,B,0.68
1224,85,C#,0.3
3969,179,F#,0.12
2742,94,F#,0.92
3729,173,F,0.82
4009,76,A#,0.74
3739,100,C#,0.54
4262,180,G,0.67
3116,163,D,0.65
2766,173,A#,0.34
1348,195,G,0.49
517,190,B,0.35
566,191,B,0.52
420,75,C,0.49
2371,116,C#,0.43
4604,186,D,0.53
2922,63,E,0.53
942,183,F,0.99
630,95,F#,0.53
3411,109,D#,0.38
2511,139,D#,0.56
4189,165,C,0.68
661,133,F#,0.4
3815,62,C,0.47
100,164,D,0.89
1079,189,F,0.46
812,185,D,0.71
3028,80,D,0.45
680,118,E,0.76
2090,85,E,0.47
1426,79,A,0.66
3142,173,B,0.72
1424,146,G,0.13
2946,185,D,0.64
398,73,B,0.55
1431,135,E,0.63
54,187,A,0.62
3366,92,F#,0.14
581,81,F,0.2
4409,158,E,0.31
2133,118,C,0.82
2927,114,C,0.22
2225,164,B,0.85
2991,178,D,0.69
4497,145,G#,0.32
2864,130,G#,0.41
3600,70,F,0.75
1752,124,F,0.81
4456,109,G#,0.76
4154,144,C#,0.73
1199,98,D,0.18
3594,162,E,0.91
2719,86,C#,0.65
4675,172,A#,0.46
4067,158,G,0.59
2497,138,F#,0.62
2572,101,C#,0.2
1245,190,E,0.46
4613,132,G#,0.36
4366,110,E,0.35
4498,95,G,0.58
1877,150,G#,0.86
2028,180,F,0.58
887,100,A,0.25
1740,198,B,0.37
3957,131,A#,0.12
2713,196,G,0.41
2111,180,E,0.96
2214,199,F,0.22
4169,191,C#,0.8
4584,160,C,0.37
1444,111,G#,0.6
964,64,D,0.35
4905,100,A#,0.26
4712,178,F,0.95
876,111,F#,0.92
3793,153,G,0.42
4426,66,C,0.97
1042,89,E,0.8
450,194,C,0.11
2944,111,D,0.21
3378,110,D,0.86
3438,120,D,0.58
2525,151,G,0.17
3079,123,G#,0.27
3158,100,C,0.37
1539,92,G,0.18
3060,92,C#,0.88
2079,105,A,0.38
2680,83,D#,0.72
424,70,G,0.35
3005,84,F,0.73
1431,107,E,0.66
4810,129,F,0.36
1110,154,A,0.41
2600,198,G,0.59
2296,87,F#,0.68
4045,196,F,0.27
4482,78,D#,0.41
3952,117,A#,0.13
832,70,C,0.62
3328,115,G,0.14
55,105,C,0.93
1294,144,F,0.56
729,176,E,0.87
140,187,A,0.67
253,71,E,0.7
1428,88,F#,0.66
928,133,D#,0.44
2380,179,F,0.53
2827,167,A#,0.58
1424,151,G,1.0
3002,188,F#,0.68
826,155,D,0.58
4464,180,A,0.86
4546,104,G#,0.58
4853,84,C,0.8
2622,144,F,0.36
4527,91,D#,0.62
1931,194,D#,0.67
3592,101,D#,0.76
3981,105,C#,0.42
2177,103,D#,0.78
853,186,G,0.65
3164,176,E,0.66
2585,67,A#,0.39
3808,130,F,0.61
2021,65,G#,0.1
1830,168,C,0.95
1227,126,A#,0.36
3233,194,A,0.14
437,94,E,0.92
4934,94,C,0.3
4914,195,C#,0.12
3275,159,C,0.51
3913,104,G,0.11
3393,153,D#,0.69
421,178,C,0.82
830,116,F#,0.28
3944,128,A,0.9
2422,161,C,0.22
872,154,A#,0.74
2565,185,E,0.21
3628,159,C,0.99
44,79,D,0.4
1413,165,A,0.72
89,162,D#,0.44
2347,113,G,0.17
4328,154,A,0.45
3112,107,A,0.96
3105,124,G,0.4
4877,134,C#,0.42
2482,153,D,0.97
2134,145,A,0.17
4256,131,A,0.49
4168,172,D,0.55
77,176,F,0.11
4547,97,F#,0.15
729,175,G,0.57
4624,159,C#,0.73
3555,115,G#,0.13
522,137,G#,0.6
2408,172,A#,0.15
2388,163,C#,0.26
773,199,A,0.1
835,100,G#,0.46
2813,93,D#,0.94
352,143,D,0.6
4733,153,B,0.68
1863,138,C,0.13
698,100,G#,0.24
3976,187,B,0.39
2599,75,G#,0.23
120,132,D#,0.36
3170,144,G#,0.75
3262,199,G,0.69
2670,133,C#,0.88
2561,77,A#,0.47
2828,145,G#,0.44
1992,108,F,0.48
1561,111,F#,0.97
1274,186,D#,0.61
622,143,E,0.36
1507,128,C#,0.66
3840,86,B,0.48
1766,82,C#,0.54
4976,196,C,0.45
1319,187,D#,0.25
1999,155,F,0.21
4135,140,D,0.11
2380,166,E,0.49
4294,101,A#,0.61
3707,180,F#,0.67
2408,131,F#,0.46
3478,101,C,0.19
365,172,B,0.6
2428,87,C#,0.74
839,164,D#,0.57
825,172,B,0.18
3388,124,E,0.94
200,153,F#,0.68
4742,120,G,0.81
2171,186,B,0.45
301,153,A#,0.92
2600,138,B,0.56
1889,61,F,0.94
4849,113,A#,0.25
2334,160,F,0.82
4071,76,D#,0.62
1017,189,F#,0.79
372,124,A,0.6
4808,148,C#,0.87
590,174,G#,0.22
2001,168,C,0.86
3848,134,G,0.67
342,100,D,0.73
1763,67,G,0.17
2996,89,C,0.99
4763,113,E,0.6
2749,114,C,0.27
869,93,A#,0.17
2674,76,A#,0.31
4743,104,A#,0.46
806,183,D#,0.95
3790,63,F#,0.49
4714,90,A#,0.78
2608,184,E,0.47
4062,178,A,0.76
1490,194,D,0.56
2371,120,B,0.67
4601,161,F#,0.26
1302,178,C#,0.45
2057,134,A#,0.23
2496,154,C#,0.39
2022,131,D#,0.78
3824,151,A,0.93
4772,170,B,0.81
2024,96,F,0.17
1527,175,E,0.99
3145,82,G,0.59
1109,173,D#,1.0
1555,72,G#,0.99
1594,147,A,0.31
3404,156,E,0.55
3859,132,F#,0.53
2775,130,A#,0.3
553,118,C,0.82
3587,67,D#,0.38
2828,109,D,0.96
4532,172,E,0.75
4906,60,E,0.49
1686,187,C,0.41
1615,101,E,0.51
3683,159,C,0.24
3575,100,B,0.94
3105,101,D,0.27
4849,66,F#,0.42
4291,166,A,0.99
2776,60,C,0.25
3537,152,A,0.15
3451,190,C#,0.32
3562,111,B,0.39
260,163,C#,0.91
2109,112,B,0.19
933,193,E,0.97
1374,164,D,0.41
3426,140,G#,0.22
4010,77,A#,0.96
500,61,E,0.82
810,65,F,0.28
3025,93,D,0.16
4068,124,C#,0.24
1030,150,A,0.33
1103,181,C#,0.72
995,127,G,0.11
1701,199,D,0.26
999,94,G#,0.66
3917,160,B,0.32
66,97,B,0.26
789,196,C,0.48
1297,74,F#,0.89
2083,139,D,0.52
813,95,B,0.7
3505,114,C,0.47
676,154,E,0.21
1643,134,E,0.65
4354,87,A,0.22
4310,118,C#,0.93
2748,80,G#,0.55
1377,73,G,0.59
363,182,F#,0.22
2699,131,A,0.94
213,115,A,0.26
611,180,A,0.25
1635,183,B,0.13
1858,122,G#,0.95
2060,64,C#,0.32
4594,88,C#,0.92
4861,142,G,0.33
1712,143,F,0.96
4272,103,D,0.46
3347,88,C#,0.73
3852,114,G,0.53
3340,147,G#,0.24
1373,106,E,0.43
4341,85,E,0.8
4191,77,D#,0.25
973,126,E,0.77
279,83,G#,0.55
1914,121,D,0.65
1415,193,E,0.85
3578,109,F#,0.88
3961,69,F#,0.1
1753,194,A#,0.52
4035,78,A#,0.81
2941,198,C,0.25
1780,169,D,0.3
1757,138,C,0.46
585,194,G#,0.18
2936,144,F,0.96
3860,183,G,0.84
1663,97,A#,0.65
3390,145,A#,0.38
4529,181,A#,0.31
1903,146,G#,0.76
3418,95,C,0.33
3243,91,B,0.83
4669,188,C#,0.34
884,120,E,0.32
70,152,A,0.75
4174,144,C,0.71
3802,127,F,0.89
2327,81,E,0.92
4071,106,D#,0.88
757,160,F#,0.77
3707,84,D,0.89
1916,192,C,0.32
2731,73,C,0.46
4541,90,D,0.3
1286,175,E,0.25
30,171,A,0.31
212,77,D#,0.35
1625,130,G#,0.31
2510,92,C#,0.85
2622,174,F#,0.81
2889,90,D,0.52
815,89,A,0.24
4752,184,A,0.33
3317,166,B,0.34
1263,197,B,0.26
4160,136,D,0.37
1441,192,D,0.67
217,132,A,0.27
4884,90,D,0.12
841,173,D,0.74
418,108,G,0.73
4111,114,D,0.56
2206,64,F#,0.5
892,61,D#,0.2
3275,78,D,0.13
1265,169,C,0.94
2464,79,F,0.74
3023,92,C#,0.83
3854,99,F#,0.13
4172,147,E,0.16
3803,102,C,0.33
4663,73,C#,0.56
3475,200,F,0.58
857,62,E,0.83
4518,189,F,0.83
4770,103,F#,0.62
184,124,F#,0.76
1811,131,G,0.4
1917,106,F,0.99
2982,186,C,0.62
1320,173,C#,0.97
3307,160,C,0.48
789,84,C#,0.64
1893,172,G,0.73
1580,107,D#,0.51
3630,84,A,0.3
1601,153,D,0.11
3879,139,D#,0.67
4292,185,D,0.19
4966,79,G#,0.43
4828,76,E,0.43
4315,63,A,0.44
1958,178,C,0.93
352,164,D#,0.73
1144,130,C#,0.69
4170,194,D,0.89
1725,134,C,0.16
1920,61,A#,0.74
2652,120,C,0.13
2995,98,B,0.38
2888,91,C#,0.72
3560,112,A,0.83
123,79,F,0.46
591,141,D#,0.7
2938,129,D,0.59
4826,142,C#,0.77
812,84,C,0.82
1470,103,E,0.74
679,199,C#,0.58
3423,198,A,0.18
1346,200,C,0.23
1495,150,G,0.31
2042,197,F#,0.66
3326,170,C#,0.96
2268,185,E,0.99
2023,190,F#,0.85
3188,86,A,0.1
2112,72,A#,0.68
2925,168,F#,0.18
3107,104,E,0.33
4235,104,A#,0.63
340,150,F#,0.9
4819,132,D#,0.73
1741,62,D#,0.5
1629,137,C#,0.38
2304,190,F,0.76
4038,141,A,0.87
1089,166,A,0.72
4408,156,F,0.95
4748,154,D,0.97
3167,164,A#,0.9
905,180,F#,0.23
597,146,C,0.85
3661,112,C,0.38
638,71,B,0.67
3414,150,B,0.51
2367,158,C,0.81
1822,111,C,0.98
2672,173,D,1.0
1772,83,C,0.31
264,138,G,0.44
717,89,C,0.93
2831,162,A,0.71
4607,107,G,0.83
2946,183,D,0.97
604,82,B,0.61
1212,169,G,0.14
1992,142,D,0.89
155,161,F,0.12
1954,162,A#,0.81
124,156,F#,0.98
2008,173,D,0.89
780,135,F#,0.75
4896,144,F,0.34
4627,114,F,0.16
2713,188,F#,0.43
3781,110,C#,0.37
3553,115,E,0.25
4363,144,D,0.36
3634,196,B,0.99
2826,177,G,0.9
1772,67,C,0.71
1900,167,F,0.94
1682,115,B,0.91
252,141,D,0.86
3792,97,E,0.17
1111,160,C#,0.2
2934,164,D,0.88
3405,154,C#,0.53
4592,104,G#,0.55
3743,89,E,0.18
4102,79,A,0.75
856,75,G#,0.25
4645,157,G#,0.85
1810,102,D,0.13
4355,163,D,0.62
3563,165,A,0.98
1013,126,F,0.74
934,103,F#,0.99
2839,78,E,0.13
4600,193,A#,0.6
633,60,G,0.73
623,163,G#,0.14
693,117,F,0.54
4165,185,A#,0.29
110,173,A#,0.18
2469,124,E,0.27
3403,112,A,0.2
1440,104,C#,0.19
826,150,G#,0.4
4762,136,F,0.77
4092,195,D#,0.32
856,155,D#,0.88
3920,118,D,0.88
906,164,G,0.91
2405,157,B,0.52
3190,111,D#,0.44
2922,159,F#,0.14
2300,169,C#,0.12
4290,165,C#,0.33
3419,92,A,0.85
4846,64,A#,0.56
2427,81,D#,0.6
3914,140,C#,0.65
3575,156,E,0.98
4289,159,G,0.72
4398,184,D,0.87
4701,127,C#,0.3
810,103,D,0.85
3648,195,B,0.23
296,73,B,0.51
4919,142,A#,0.7
4449,104,D#,0.32
2959,102,D#,0.98
2303,64,B,0.62
3779,149,G,0.75
586,156,D#,0.67
2860,83,A,0.26
3100,92,E,0.91
3297,200,E,0.2
1477,181,D#,0.36
1903,112,E,0.45
1874,149,G,0.2
826,74,G,0.19
3723,126,F#,1.0
2375,140,D#,0.6
4140,185,E,0.32
796,180,C,0.64
867,67,A#,0.94
4426,163,G,0.41
4067,171,G,0.57
1859,148,E,0.43
2287,112,G#,0.65
3248,142,A,0.81
3899,192,G#,0.76
4948,118,G,0.4
1584,138,F#,0.85
955,120,D#,0.19
2251,141,A#,0.16
3766,153,D,0.55
1465,151,C,0.98
3849,200,F,0.92
4197,139,G#,0.9
639,188,B,0.55
471,184,E,0.69
246,125,G#,0.54
4746,190,A#,0.94
657,140,G#,0.23
3376,84,G,0.46
4975,128,C#,0.83
2613,168,F,0.18
890,167,F#,0.14
2803,149,G#,0.98
1939,74,C,0.71
3164,62,A,0.57
3398,153,D#,0.16
1333,109,C#,0.25
4037,74,F,0.3
2343,159,G,0.58
2924,73,B,0.3
2547,154,D,0.65
2573,104,F#,0.4
2753,135,E,0.22
831,196,G,0.64
1625,178,F,0.38
4907,151,F,0.71
2813,174,C,0.2
1235,189,F#,0.38
2402,183,A#,0.37
1971,87,G#,0.29
716,196,F,0.32
3598,167,G#,0.84
2080,192,D#,0.12
3121,101,A#,0.61
3622,69,F,0.35
4034,102,A#,0.2
4697,121,G#,0.22
1606,143,G,0.43
231,80,B,0.87
3184,100,A#,0.45
1606,98,E,0.38
294,108,F,0.5
2767,132,B,0.72
2029,195,G,0.77
11,123,F#,0.13
3237,112,C#,0.8
4199,65,C#,0.13
2404,145,F,0.87
3502,151,F,0.59
4148,69,D#,0.53
1405,144,A#,1.0
2910,197,G,0.62
503,79,G,1.0
2031,138,G,0.83
3486,123,B,0.79
1050,130,F,0.69
3536,78,C#,0.67
867,153,B,0.85
201,136,E,0.17
2978,143,G,0.67
2198,93,C#,0.98
334,176,C,0.88
1140,194,B,0.44
1142,120,A#,0.81
208,108,F#,0.98
4247,155,G,0.2
3751,90,D,0.25
4924,72,G,0.62
2568,147,G#,0.15
2218,148,G#,0.32
2212,106,E,0.68
3578,126,F#,0.19
4639,116,G,0.35
711,82,F#,0.36
2816,119,G,0.71
3471,139,G#,0.97
4228,108,A,0.13
3095,84,E,0.81
4498,65,G#,0.93
544,183,G,0.68
195,153,F#,0.5
2848,190,B,0.46
3691,118,C,0.57
2054,85,B,0.84
3419,97,F#,0.91
3856,174,G#,0.27
2133,76,A#,0.46
422,136,C,0.68
1391,71,A,0.64
2179,164,F,0.6
1042,137,E,0.93
2216,186,A#,0.68
2766,64,B,0.59
3454,154,C#,0.46
3493,65,F,0.41
4429,189,B,0.12
1315,162,G,0.83
2547,75,G#,0.39
4158,179,A,0.2
2856,92,C,0.38
97,107,E,0.49
3688,196,E,0.7
2383,169,G,1.0
2503,82,G#,0.61
2677,96,E,0.22
2255,190,B,0.95
4160,103,E,0.8
4935,183,C#,0.91
4963,184,G,0.43
319,147,G#,0.91
989,108,A,0.43
454,95,G,0.11
4769,98,D#,0.24
4169,125,B,0.62
875,168,G#,0.78
276,165,F,0.17
1385,182,A#,0.62
4757,100,C#,0.94
4568,74,F#,0.32
4206,195,B,0.42
3828,136,F,0.72
3710,165,A#,0.55
4859,143,C,0.59
3644,94,G#,0.65
4981,165,C#,0.17
668,79,G,0.54
1580,127,D,0.79
4958,193,B,0.8
96,144,G,0.14
264,102,A,0.27
4542,191,F,0.98
1506,181,G,0.9
1178,157,C#,0.57
3864,144,G#,0.2
3337,182,C,0.93
3268,174,G#,0.61
4798,175,C#,0.63
2476,71,F,0.9
80,101,A#,0.4
547,87,F#,0.74
218,99,D#,0.62
3079,64,A#,0.78
2112,155,F#,0.14
3231,86,C,0.84
4429,167,G,0.59
3019,94,F#,0.5
3198,107,C#,0.1
2626,92,F,0.5
2244,183,C#,0.17
4377,94,A#,0.56
4023,135,G#,0.81
243,89,E,0.5
2773,166,C#,0.41
3134,170,A,0.49
851,167,A,0.5
2741,94,G,0.24
126,97,A,0.19
954,79,A,0.87
2966,167,B,0.69
4823,132,E,0.36
2773,92,A#,0.51
4642,181,A#,0.38
4990,104,B,0.72
3602,75,A#,0.72
2158,74,E,0.24
3084,63,G#,0.52
3944,152,G,0.11
3538,128,G#,0.2
3289,92,D#,0.6
3909,136,F,0.38
3263,77,F,0.37
3571,181,B,0.18
561,115,D,0.75
1147,148,G#,0.96
3087,118,A,0.14
154,99,A,0.25
752,166,C,0.55
1370,131,A,0.2
657,178,D,0.75
2168,165,A#,0.24
4655,75,B,0.12
1688,163,C,0.9
1704,169,A#,0.21
3985,152,C#,0.43
2826,158,G,0.63
2633,76,F,0.4
1152,151,G#,0.43
426,87,D#,0.65
3075,151,G#,0.41
3529,163,G#,0.43
3567,153,F#,0.41
3393,113,E,0.75
2782,186,D,0.88
3757,182,C#,0.68
1650,134,C#,0.35
2606,61,C#,0.61
488,166,C,0.34
1157,99,F,0.54
3234,147,F#,0.3
2402,142,F#,0.61
3126,124,G#,0.64
111,105,D,0.13
4278,127,A#,0.6
1404,105,C,0.9
4943,123,G,0.31
4302,160,C#,0.72
1730,153,G#,0.84
1423,170,A,0.19
3083,119,D#,0.47
1000,98,D,0.64
2052,94,A,1.0
4769,113,A,0.83
445,108,D#,0.51
805,179,G#,0.99
1668,167,C#,0.37
1676,172,C#,0.54
3411,152,C#,0.89
495,160,A#,0.63
2784,113,B,0.94
2057,65,E,0.86
3538,190,A#,0.48
2188,155,F,0.61
4523,92,A#,0.46
268,114,B,0.5
3871,127,G,0.5
1021,118,D#,0.28
1999,124,D#,0.45
548,192,F#,0.48
1147,62,E,0.41
2807,84,B,0.39
1243,184,A#,0.71
4637,131,E,0.98
110,91,A#,0.54
2904,77,B,0.47
2373,154,C#,0.51
3069,197,C#,0.71
2654,160,G#,0.81
352,194,E,0.52
3479,177,D#,0.13
152,141,G,0.82
759,95,F,0.2
3422,78,A,0.66
2674,122,D#,0.81
3700,146,A#,0.76
2121,85,A,0.37
993,140,F,0.45
423,126,D#,0.25
2088,120,G,0.3
4024,144,B,0.48
3443,89,F,0.17
2052,144,F,0.27
988,165,B,0.32
414,73,F,0.41
3305,167,C,0.5
345,169,B,0.92
1137,94,A,1.0
13,156,C#,0.83
3025,97,B,0.81
3682,139,G,0.39
368,93,G#,0.74
2399,177,G,0.15
4211,114,D,1.0
3017,82,F,0.79
1397,160,F,0.41
4653,113,D#,0.5
4174,170,B,0.47
2530,138,C,0.79
3478,177,A#,0.47
2565,71,E,0.7
1068,197,G#,0.22
2067,74,F,0.39
3933,139,F,0.44
15,192,C,0.17
1531,154,E,0.9
859,118,A#,0.28
608,199,G#,0.87
43,69,G,0.49
987,181,C,0.18
4582,111,G,0.94
2067,61,E,0.31
1556,126,A,0.73
1342,110,C#,0.17
332,124,A,0.29
4537,163,D#,0.91
2239,120,F,0.73
4914,68,D#,0.77
3317,193,A,0.41
82,124,G#,0.59
3308,160,F#,0.19
3230,199,D#,0.54
4246,175,C#,0.52
951,82,C#,0.14
1287,194,F,0.37
4967,177,G,0.86
4976,101,G,0.52
2372,124,G#,0.16
1152,92,G#,0.4
4514,130,F,0.18
603,115,E,0.6
1535,167,A#,0.3
790,89,F#,0.48
496,184,F,0.59
1503,197,C#,0.37
863,148,D#,0.73
4846,103,G,0.16
3835,64,B,0.22
3239,182,E,0.52
460,149,D,0.88
152,173,B,0.91
3532,74,B,0.49
1643,198,A#,0.41
1673,146,C#,0.34
516,113,F#,0.52
562,200,E,0.59
1586,186,F#,0.94
3053,95,A#,0.83
3143,85,G,0.95
4199,80,A,0.55
175,127,F,0.97
2256,87,A,0.7
1432,151,F#,0.84
813,100,G#,0.94
4234,175,G#,0.88
2321,135,F,0.86
1926,191,A#,0.81
382,78,G#,0.63
1848,183,E,0.38
1692,152,F,0.25
3138,163,G,0.17
1922,180,A,0.91
2422,129,D,0.75
4080,185,C#,0.71
3730,128,B,0.11
4763,187,A,0.88
2167,171,B,0.38
3977,190,A#,0.14
1424,178,A#,0.11
4865,60,F,0.16
2359,113,F,0.78
1291,144,E,0.12
4325,80,A,0.32
1941,71,G,0.98
2113,131,C#,0.59
4433,189,D#,0.9
4248,193,D#,0.96
4672,133,B,0.17
2433,131,A#,0.78
3087,85,A,0.66
1068,128,D#,0.25
1827,170,F,0.38
4386,68,D,0.17
2405,107,D,0.87
962,167,G,0.34
4001,184,F#,0.38
4074,161,G#,0.72
3942,98,C#,0.69
3847,164,A,0.62
4874,85,A#,0.53
1397,73,G#,0.81
1393,102,G,0.74
2267,168,A#,0.81
2334,92,A#,0.49
3003,194,G#,0.5
223,155,C#,0.84
1196,103,F,0.57
935,114,G#,0.69
1837,171,E,0.29
2478,164,G,0.52
1677,160,F#,0.35
3657,120,B,0.46
2101,133,C#,0.51
931,100,E,0.35
1860,150,E,0.59
1620,197,B,0.22
3332,142,G#,0.3
112,143,D,0.54
3981,65,D#,0.17
1689,119,C,0.6
3353,86,G,0.45
866,198,A,0.64
4597,115,F,0.34
4926,133,E,0.88
4214,123,A#,0.79
4875,190,A,0.72
1052,60,A#,0.39
2539,170,D#,0.75
4947,135,F#,0.47
4908,164,G#,0.24
839,87,D,0.46
4806,115,C,0.97
3000,61,G,0.98
3363,113,F,0.89
3176,135,B,0.63
651,177,A#,0.76
3172,84,C#,0.99
323,127,G#,0.41
1228,182,G#,0.7
3864,153,E,0.15
2527,162,A,0.12
3899,197,C,0.21
879,105,F,0.38
1011,112,A#,0.33
953,198,A,0.26
3148,89,D,0.67
2865,76,A#,0.26
3830,101,F#,0.13
1091,176,A,0.9
3074,160,A#,0.63
1365,128,B,0.33
3602,137,C#,0.42
2502,89,E,0.79
2494,117,F#,0.38
2228,103,F,0.18
