PlaylistId,TrackId
32,4531
75,3706
97,1213
262,1546
100,4931
334,2883
430,1130
230,1779
333,3412
178,1323
81,1390
456,2499
103,3135
292,1610
450,964
277,2204
268,4370
469,2145
424,2668
88,4705
65,4950
282,1272
258,2901
127,2152
316,2088
343,4931
288,4995
35,4778
415,4016
291,45
489,969
162,574
349,4830
399,4193
208,1444
158,3838
483,3369
46,399
125,1446
185,3675
228,2325
467,392
320,3082
497,2486
235,4206
367,4591
362,4018
291,3549
370,1627
406,3270
146,687
160,356
447,3833
335,357
405,4065
470,1979
480,977
65,1930
435,4846
316,465
87,1396
352,2862
176,4134
202,1117
102,1933
257,824
146,1747
163,1162
311,1060
149,3213
414,515
490,1291
413,2505
198,3334
409,1568
51,3055
183,3211
398,2870
189,4682
232,1117
165,1881
359,929
467,1923
244,3342
338,991
252,951
71,647
16,711
319,4684
184,4725
191,3452
201,4140
225,4497
184,2510
306,1187
395,4908
171,999
363,3155
325,4849
122,3995
15,3640
471,2459
483,3745
154,537
350,2169
298,3928
463,3507
389,1343
401,2400
425,771
392,2809
265,1536
41,1828
10,263
101,4811
175,2582
414,878
264,3297
269,4395
463,4675
95,4279
241,4333
427,322
263,1877
96,4918
306,4462
139,4056
123,3294
83,1946
365,612
430,1761
318,537
8,3758
271,2411
123,4233
331,3179
150,4336
95,4400
408,4860
367,2873
303,1131
81,4236
383,602
101,1441
116,4459
84,2935
215,1957
311,3880
192,4454
371,4685
75,3640
104,2355
33,1428
129,3122
220,1254
390,1436
322,2699
169,1437
384,3348
76,3195
343,1361
108,1952
65,333
63,489
302,1966
197,223
102,1383
329,4580
482,2836
409,4280
223,2612
4,30
448,2959
18,1914
348,1560
79,4819
110,1917
280,379
94,4124
92,1082
417,2828
251,3061
269,1617
386,2202
232,3950
1,819
7,341
404,4178
209,3185
89,639
211,1568
20,2266
269,3724
4,43
336,2731
334,1904
368,4935
215,4427
476,38
238,2839
333,4419
345,3490
319,2269
95,4776
336,3670
62,4828
335,3445
433,570
228,3319
154,3141
400,2379
419,4607
317,2610
458,3781
196,2320
406,3096
208,1391
239,704
359,1789
190,3966
305,4707
203,229
27,3450
450,106
4,4486
133,4371
150,3786
410,4908
224,4489
348,4030
241,3904
406,3446
46,2911
20,1461
340,3617
197,828
389,3021
222,4793
247,3840
115,8
419,2863
240,417
357,1756
26,4100
239,946
354,933
244,1061
144,4092
101,3227
264,4157
42,1866
16,4846
11,2516
284,3843
365,304
349,3743
311,3451
161,4446
431,2055
436,4385
264,895
54,2105
231,4919
293,2350
83,591
406,1473
368,3204
330,2683
421,815
256,2468
457,2458
245,2050
197,3056
382,4270
160,3928
406,197
194,2758
493,3091
469,482
66,1526
23,2876
305,1808
205,2624
105,4672
60,3172
184,1289
254,3977
309,1698
323,1596
371,1115
314,4745
314,4516
167,302
272,2570
380,1578
301,1285
339,1311
187,4152
414,3148
254,2930
469,4804
135,3238
181,1368
270,2645
268,3996
182,546
292,189
127,4811
209,2635
369,4573
252,3005
188,1529
439,3097
492,708
24,2589
110,1609
464,4847
409,710
56,3295
283,1537
92,774
176,3626
365,4050
308,3516
136,26
193,560
321,3226
418,4098
330,1999
445,2474
190,3416
295,1483
205,772
62,2184
360,1612
242,3054
106,1961
314,449
35,3249
296,1304
184,605
383,3932
204,3701
395,4989
92,3002
388,1832
403,4813
54,495
224,2892
120,2246
311,794
283,732
62,1029
382,216
407,4410
302,1913
197,170
98,3840
53,2377
428,2254
75,2890
474,155
331,4307
418,4690
420,3073
126,640
284,31
165,2783
325,2018
239,4718
373,746
182,1969
278,3892
271,4936
137,4707
484,3997
195,3894
282,4536
256,1100
416,1089
462,3420
221,96
214,3089
498,2619
12,3894
122,3500
113,4700
292,1962
21,4882
348,3025
2,173
332,4249
31,874
53,4834
163,3245
60,3561
177,699
364,4955
89,586
188,4241
283,866
135,702
165,2796
385,813
254,1562
316,2211
462,4480
63,570
161,3091
240,1398
114,2979
81,2802
124,1223
53,2740
125,2845
309,451
390,2096
171,746
312,4657
436,4198
35,3854
491,1919
260,1757
471,4421
366,1924
29,2504
122,2466
15,2340
13,1742
340,410
436,2104
76,1532
84,3608
203,3559
440,2977
32,2923
350,4023
257,826
262,1924
79,4203
297,3379
424,3154
188,4375
370,1642
91,4442
347,4139
340,1470
281,2058
360,365
52,20
84,467
392,2569
282,2926
292,1170
409,4724
470,1176
193,373
14,2882
320,2171
222,1599
271,3447
230,2628
311,3519
335,1890
101,2477
85,1715
362,2289
384,2048
406,3527
182,4802
278,4510
481,897
154,539
317,4209
186,4921
391,1943
456,2072
421,1822
367,4969
448,3645
143,1023
475,2287
41,2998
182,722
113,3103
283,2531
374,4864
45,3871
126,561
318,2983
375,1302
318,4969
435,4056
123,34
420,1718
41,1133
430,2931
307,1777
35,1089
21,1191
332,787
387,4695
292,3869
373,559
127,4061
440,4521
254,3119
333,2180
376,2816
147,2727
90,2193
186,1901
468,3573
418,3227
337,4285
53,4526
179,1484
46,1369
26,222
151,1156
329,1428
69,2255
7,1377
466,3877
345,3358
413,3233
169,2378
112,1844
224,853
268,105
347,435
259,551
390,3774
312,148
50,148
112,3012
313,3002
282,3423
172,1565
390,2956
13,2252
226,3299
401,2068
76,4486
291,4182
496,4291
288,1898
314,2853
298,4306
270,2258
349,2551
275,387
452,1740
238,505
167,4008
337,2433
464,4460
340,2438
341,862
497,3590
172,1807
22,4263
297,4239
209,2140
49,461
84,2374
166,4658
326,2661
288,2140
379,1504
229,513
134,1673
313,921
461,1573
187,516
398,2685
329,865
386,1399
406,2280
72,714
135,3214
106,2284
300,3547
178,1635
443,1152
477,1931
98,3332
60,2811
72,1882
273,1872
174,3327
162,4027
40,3098
184,339
170,2390
165,2046
411,301
20,2631
94,1348
396,1161
236,1697
10,3340
294,884
189,3342
390,3332
233,2860
460,4071
492,2562
254,704
42,3265
446,645
86,2288
196,4900
394,189
374,4677
107,4333
239,2008
154,3856
335,1716
6,723
235,317
18,548
104,1820
491,4444
210,4919
50,537
146,999
115,1420
364,4339
333,2811
458,1005
114,1195
482,1362
163,1582
435,3990
419,3228
156,145
240,2997
157,2999
444,4224
456,1309
251,4849
258,1590
172,2304
110,2658
58,4683
414,4089
97,4116
83,2232
158,3574
275,2173
70,1246
87,2647
216,2532
364,3184
305,4038
129,1072
413,602
34,2003
106,4057
68,3536
95,1195
336,89
43,4940
402,4055
269,4465
9,1128
287,4519
130,2586
449,4288
108,3995
385,2546
472,2471
208,2361
411,2195
65,3544
276,2007
185,4363
312,4404
415,624
16,97
358,3473
274,621
368,3932
432,1207
229,3588
72,4836
244,1910
3,2787
90,1443
397,4111
82,2787
185,3437
412,447
333,3537
199,339
407,1271
78,4479
224,4304
485,2359
447,4053
213,3657
137,2844
340,1217
145,4654
183,2731
303,1335
435,1454
323,2216
457,3199
463,4182
7,1687
308,861
358,224
418,2490
50,2323
12,2031
204,1972
178,4952
400,3604
245,1744
143,3682
303,3671
103,348
380,3137
316,1395
254,517
297,1153
288,101
169,4085
465,700
330,2727
160,2575
127,2398
443,4361
66,4374
451,1970
267,4135
124,3561
194,587
22,1298
455,4829
180,460
271,4254
469,297
481,3798
234,2911
466,2214
216,3500
271,1221
99,4901
171,2037
395,1287
413,3556
203,4729
445,4262
70,2924
95,1934
136,1935
444,4037
224,358
50,2686
22,2587
440,885
434,2797
496,3446
193,3637
408,1347
373,4507
452,1124
422,2450
212,654
492,1462
44,4978
116,128
176,179
23,3872
381,3580
358,4091
134,707
385,2238
27,1776
214,1602
193,2711
398,1948
337,1709
206,960
402,4807
345,2058
140,4807
362,3688
262,74
105,1817
179,305
461,957
87,716
161,2651
496,655
150,2233
97,2895
163,4683
37,2063
381,1607
38,716
91,3760
349,83
459,4681
397,3803
123,2480
135,3766
152,737
494,2423
77,4993
159,3342
400,2007
100,3930
487,663
241,1196
165,2369
483,958
32,4469
378,3645
385,157
11,4117
90,2195
315,4757
255,313
86,4705
19,1497
75,2826
87,1897
448,856
286,3009
100,1836
186,2842
270,2018
464,3052
307,3068
128,4823
462,1959
317,1312
298,1033
286,1733
371,1777
495,1318
306,399
469,2083
121,848
95,3828
434,3294
183,1497
62,3422
73,807
250,440
224,3191
445,4062
130,789
221,2139
159,1261
17,2080
260,1572
315,1508
134,3419
125,3599
410,1745
217,2370
62,510
131,115
191,3135
394,2969
56,695
405,2835
388,1205
119,2212
382,4837
313,3017
487,2904
426,4880
233,4714
248,3790
373,4199
70,751
199,636
400,2612
240,408
217,3659
463,1914
278,2097
383,2150
257,991
52,2279
38,2381
169,2864
480,3251
210,1404
191,3148
110,3452
254,2679
61,3038
281,1055
418,2787
497,1619
225,3146
326,3952
300,287
231,1648
2,364
165,4263
46,1868
175,2507
417,54
362,118
308,3265
318,3495
53,3978
481,4913
190,11
174,3450
411,653
113,3965
493,1217
343,226
4,531
409,3963
57,4743
110,3815
172,3232
473,4392
13,1933
264,3235
367,704
45,4625
69,2996
14,3060
279,362
248,3227
494,2236
471,2747
190,2239
138,2049
415,371
86,1364
203,717
158,3455
101,4641
422,532
234,3450
86,4518
153,2064
424,4742
247,945
114,3533
57,784
303,2008
466,3692
304,661
326,3160
484,3746
334,2755
269,2131
52,3594
439,2054
17,4805
156,3651
457,610
276,1767
169,1375
157,2075
293,1670
203,730
122,3020
132,261
174,672
392,2063
213,2586
499,728
347,371
500,1596
187,1136
398,3305
334,1829
391,148
100,1662
466,1490
144,3654
39,1386
434,4396
100,2830
260,338
208,148
180,86
116,2774
101,1742
104,3474
171,495
4,2075
329,1606
162,446
143,2153
146,2653
215,4473
347,1660
158,1495
211,2782
185,3547
306,2790
416,1201
111,4766
105,2248
401,3064
270,4530
349,2608
499,1909
400,1378
33,4065
126,2041
413,1317
444,2616
492,149
473,1856
449,1270
421,3652
362,2025
131,3324
265,2092
58,2028
256,4258
249,1101
286,2151
164,239
260,2916
87,4422
25,3544
111,578
498,758
470,3140
318,3308
437,3902
133,2444
123,1756
286,3440
28,701
475,1915
368,1035
392,3378
233,2796
455,1448
360,4557
344,3795
498,1000
187,2801
414,1797
270,1523
53,2986
215,1587
82,4441
189,2352
438,3322
257,4442
455,522
147,140
224,589
83,650
418,869
375,2219
413,2740
360,3402
297,350
128,1295
219,4860
398,890
365,713
492,2740
399,3744
84,4672
422,4896
197,2068
66,1585
348,4452
148,3344
308,3333
475,63
399,482
430,586
359,4318
180,1872
111,3987
382,20
199,1067
396,3567
475,4614
84,3746
39,2017
262,2291
317,12
439,941
93,2482
485,3797
490,1889
41,1016
187,3285
254,4278
230,1706
130,2522
37,2294
331,31
258,2707
108,1945
146,2237
20,3064
190,3475
212,3234
274,2651
164,2025
459,3636
352,3473
498,4759
496,3932
198,4992
263,3172
278,3709
94,1673
111,1088
448,4120
140,1789
453,2249
236,36
46,1602
323,4354
10,1679
254,2305
329,1432
483,3296
395,968
138,3527
195,3832
379,4407
24,4179
342,2539
63,3649
252,3548
496,2188
195,5000
145,3193
482,2024
285,2907
162,4005
491,2783
301,4874
36,3142
127,3260
51,1693
376,29
42,678
252,1454
446,4703
86,1916
437,2668
72,3738
242,4415
123,2737
111,1451
312,3427
74,1798
25,1384
340,4428
9,622
28,635
334,4125
251,4585
81,3679
466,4244
132,2678
178,2794
159,2552
50,1562
401,2314
425,4886
430,3769
418,1500
497,4762
98,61
397,1377
473,1924
283,1275
133,2499
448,1342
381,120
329,1916
475,1970
190,4201
305,4942
398,4904
446,1683
284,3607
316,3788
259,3025
176,1041
170,3212
488,1801
99,4729
87,3443
148,1881
366,3501
409,461
85,3747
168,483
228,2749
486,1058
386,1874
484,4432
243,1825
189,4743
237,1293
111,3103
374,3742
184,1632
251,410
53,4101
374,4910
80,2477
429,2631
314,2415
281,252
131,722
485,3731
426,4319
405,3442
195,1417
291,4094
23,667
480,4784
24,3750
337,1995
488,4150
20,1830
345,2115
80,2598
212,4215
429,537
343,3503
24,2703
308,18
371,4733
495,4274
431,4518
237,4918
484,4795
391,2123
96,4161
313,483
203,611
307,668
169,209
392,1944
495,3348
32,1372
372,4446
56,39
45,4051
117,958
483,3001
338,2354
467,24
35,330
181,1616
370,4521
173,974
367,2008
482,3944
494,1783
303,2252
427,1793
31,3779
172,1503
309,1020
293,2961
76,2209
338,3643
157,4534
200,969
224,4295
293,3900
437,387
354,4819
247,4693
135,3957
71,266
436,2902
372,3412
408,3069
124,1324
177,921
32,3721
276,2132
434,1257
177,1860
72,1578
51,701
228,105
479,1673
293,3203
410,1573
141,2846
284,1205
430,1488
153,4886
380,913
340,4712
464,89
290,4366
377,2564
208,1560
77,57
115,1103
44,4835
417,916
381,3208
229,3834
100,980
263,449
235,2336
61,2974
97,2631
372,621
124,4720
336,698
243,2685
294,701
357,986
417,1037
49,641
489,159
219,298
19,4145
74,3852
487,2035
254,2736
189,126
106,2572
481,3681
245,2916
49,1809
85,1466
446,4892
33,3262
427,412
470,3034
69,704
222,1471
428,1805
120,3675
200,2621
184,4599
43,4623
337,411
132,3914
438,1217
469,530
80,3458
188,2503
298,4849
21,4083
396,991
358,2685
437,992
278,2167
273,1823
343,3316
173,424
140,247
102,1941
186,2578
270,1754
115,4620
352,1823
265,4793
182,594
316,4795
221,3969
388,699
142,3447
133,3856
226,4084
352,1005
2,2878
392,2804
430,3850
428,771
436,4567
351,4200
396,1233
280,3502
270,2814
153,4215
188,1469
391,71
71,655
184,532
342,3333
242,4149
3,1652
476,4087
32,4339
338,181
21,4446
408,425
191,4857
428,4275
139,4172
414,176
297,594
247,1002
326,4264
264,151
214,4760
107,2648
429,484
28,2126
301,3453
225,4855
163,1762
349,4167
85,4057
17,2876
380,4914
330,1121
25,1010
484,2756
214,2895
119,3826
14,97
490,2012
445,549
429,3988
441,3059
181,1442
494,2656
50,959
461,2479
464,4211
110,2959
476,3282
240,4237
83,318
100,3934
315,1378
473,4933
485,4041
342,1252
175,3061
276,3113
369,1614
301,4863
234,1655
399,3183
399,2954
254,321
39,2382
467,3583
498,2667
379,3470
300,962
66,3010
231,2323
336,4820
67,3649
328,3653
298,3252
258,4348
320,3011
425,2310
79,3888
265,860
70,2607
168,927
264,2621
19,2790
383,34
6,3494
178,568
400,1435
210,3260
261,3720
3,981
490,3314
373,1746
220,1504
190,807
465,4947
55,3507
208,2554
20,4718
278,3027
99,3550
188,2087
413,219
96,4713
79,3083
356,1634
129,460
72,1875
85,353
439,2837
346,4595
141,2914
292,3312
173,1634
376,2259
167,3317
165,3207
275,2850
476,2611
323,1349
452,2
474,1518
272,4767
236,2629
476,3779
245,877
152,4621
482,66
227,1762
199,1929
333,2912
116,4375
350,2327
455,1626
48,4914
172,3223
104,2042
465,3216
28,1000
119,4565
325,4670
89,2178
283,472
324,769
124,1647
282,772
115,2581
281,3287
465,893
208,3977
72,2359
371,1460
171,4324
79,2520
106,4868
67,187
120,4214
82,1478
245,2179
35,3352
429,539
274,3634
88,246
286,490
425,1063
14,2017
122,3011
473,4517
296,2346
179,3518
43,3886
86,321
130,2579
333,952
498,494
16,1245
61,493
305,3105
114,1551
179,4686
449,2066
323,2893
364,3648
240,1138
255,480
250,2122
477,327
408,493
491,1659
188,3873
419,93
441,2067
272,3049
62,1253
289,4184
53,1433
270,1956
68,509
403,2714
291,4459
310,271
350,2824
92,85
59,1894
131,3194
382,2776
201,2472
332,2955
421,2246
371,2654
453,4642
256,3310
371,4051
271,1669
202,4013
35,1392
26,1801
480,3994
406,1039
41,389
306,3841
304,1028
66,2139
269,4713
147,815
403,2727
469,2263
388,1143
365,3603
396,738
315,3782
93,4901
227,3898
366,2027
99,4652
161,3315
159,4703
331,3726
448,110
14,3790
464,320
245,4891
307,4308
441,336
76,3621
201,4821
220,2848
8,2440
297,2314
192,3015
481,4609
386,3783
15,349
285,4145
75,1154
400,685
386,2736
334,4303
301,2140
289,2803
468,856
469,3673
44,2743
49,872
152,3737
441,3611
357,759
150,2910
353,3498
93,4096
148,1817
203,4493
10,4327
125,2853
455,4714
195,1340
322,3367
436,5
150,1863
100,56
339,2516
93,1063
311,4669
44,649
102,4266
348,3275
38,346
158,1165
376,4542
422,2672
288,4429
343,164
358,2916
205,2445
231,660
499,2626
437,3209
383,465
481,771
68,1127
437,4148
160,4099
414,983
314,3519
419,832
436,247
157,3047
205,580
347,175
173,2991
116,2228
239,2298
288,2685
405,3270
202,2416
341,3743
337,1823
63,3506
142,1584
1,1608
85,2999
412,1179
200,4972
302,553
262,188
102,2185
458,1066
122,3066
409,881
58,1361
139,3006
171,3453
352,2067
429,1762
305,4207
123,2244
167,3748
154,2762
94,496
317,4446
85,2891
389,3568
253,4690
160,2247
225,4628
421,4274
376,596
345,1246
367,2991
145,4110
40,2596
379,76
459,3977
447,476
213,4510
15,4000
199,374
307,3879
334,3982
24,3002
253,381
115,676
226,1187
489,2055
381,3010
436,4932
312,1190
475,430
492,4046
201,1359
165,3651
218,2723
448,3185
320,3939
392,3290
448,4353
257,4822
362,2889
197,341
472,2761
197,2556
114,4773
162,1552
103,2140
457,911
424,2949
331,4478
308,4760
236,1208
249,3133
233,2600
462,4409
92,3415
393,2360
439,490
47,1686
391,1496
327,1969
298,1039
377,1332
57,2145
215,1270
180,495
78,4419
372,436
40,3898
86,1799
399,2259
172,3788
392,1088
441,3424
172,2970
411,283
256,3378
70,2730
307,2377
446,4936
176,911
203,1273
89,4140
209,4242
59,3480
177,3206
101,4379
211,1807
11,3668
185,586
104,3896
300,3313
193,4382
444,1749
382,2857
43,3391
439,2839
150,2736
90,470
64,3450
303,3961
427,3502
475,806
404,4538
299,4256
254,4779
149,1279
185,4908
94,1114
350,3026
346,3550
287,2152
447,2141
242,4661
278,4318
44,4905
364,4092
252,2868
133,3442
47,4156
385,4151
247,3958
335,1590
90,3974
193,194
430,2618
311,2401
125,3968
94,188
444,3159
365,651
254,820
54,4667
111,2986
121,3674
382,3220
159,933
322,4603
417,1228
391,7
267,2452
497,3143
344,1881
29,2809
275,2047
227,838
390,2522
333,1988
340,2930
322,3556
447,2504
283,4796
357,3513
171,2111
348,3464
482,3693
296,1059
292,3798
65,372
500,2286
154,1878
369,3752
114,4465
64,672
356,2241
177,2535
314,4984
305,3215
135,323
67,1357
130,1642
323,788
460,1288
374,3988
491,372
329,2525
444,31
416,952
204,2759
80,4938
245,316
121,775
108,1775
216,2998
414,1293
450,2936
176,3865
151,159
331,3244
387,4048
394,4761
225,1771
137,3873
187,3236
407,3239
155,3927
468,2697
487,724
340,1199
477,450
136,2372
377,1266
418,3519
191,847
499,963
492,21
411,2082
476,3231
142,1894
412,3704
462,3296
147,1972
429,2890
274,1784
126,2852
141,1669
201,4689
26,3668
239,2729
206,2552
390,683
364,1448
255,2710
415,3894
494,2955
413,1081
373,4126
196,1083
192,3822
209,3237
235,2206
367,2362
429,3011
29,3535
342,3766
352,2498
431,2791
310,515
241,681
125,2721
254,2606
445,3894
278,748
204,799
367,2483
205,206
250,1440
241,1620
55,2396
110,117
82,1038
460,1664
101,4205
469,2386
385,1749
408,161
265,2098
79,925
225,979
488,1847
440,638
42,4012
250,2958
489,2257
291,4716
332,4488
406,4437
471,3600
211,4198
433,864
378,928
271,48
235,4555
199,697
181,1057
83,522
69,2573
347,43
435,4845
440,4960
150,2912
143,3690
26,890
261,3911
153,4085
215,533
90,4968
441,1519
24,4614
475,3089
196,1688
301,987
165,4324
459,2327
130,3320
9,815
363,3033
495,3152
206,1063
438,174
126,4746
195,187
57,4912
454,2333
108,1696
94,3747
216,475
6,2880
42,3328
345,3100
226,3149
437,3332
41,3103
411,3868
359,2
278,306
369,2639
92,1873
157,4217
286,655
394,3635
263,2923
390,483
252,4454
279,652
341,3516
451,1173
375,4561
201,1227
499,655
311,2819
306,2475
228,3050
400,3278
166,896
314,1548
18,3886
47,2601
413,4156
308,4628
385,381
369,3820
458,371
296,309
148,1377
20,2360
212,4516
102,2429
201,2408
132,2537
235,2958
185,1380
138,1305
150,2591
90,3479
28,2601
45,2016
175,1079
371,2711
238,610
256,3138
247,1369
487,4993
256,2320
161,3251
123,4945
352,4768
240,1329
351,379
478,4355
58,800
321,3654
426,1721
257,1912
116,2727
279,4411
432,452
206,634
73,3259
71,4647
322,4229
475,4996
67,4942
382,1799
433,3013
259,911
104,1791
246,4126
227,1632
354,919
216,3429
32,4840
383,2374
188,1152
384,3013
374,2325
332,2328
22,3563
249,4545
39,763
338,3836
224,287
34,4068
36,465
497,1614
292,2377
342,1740
218,4148
18,1350
286,2333
50,1568
466,1217
306,3214
206,1815
413,2788
308,1045
210,244
175,1684
359,4245
373,1174
447,4129
90,822
384,811
360,188
65,2226
469,2804
438,1276
142,2446
20,1931
495,992
402,2750
467,930
498,243
455,1630
224,3912
375,1341
285,4565
440,2224
70,3216
25,1753
155,2506
429,1348
21,2048
220,3389
165,3453
24,1528
392,1695
459,3671
25,2921
49,1292
350,2452
379,2924
9,1930
222,2940
189,2763
478,2637
471,3681
402,3810
99,1823
252,2065
188,589
235,435
167,1698
193,667
370,2286
470,1241
284,822
380,4731
31,4577
464,3907
140,4978
357,1300
451,4611
190,140
272,2919
243,1952
289,4054
77,3875
156,492
106,900
458,4506
208,4331
289,3236
347,2689
160,3351
154,3048
273,30
123,1483
83,4565
80,4819
239,2368
469,3059
150,4511
430,889
163,2760
192,1475
254,2124
283,839
61,497
320,3875
125,3407
51,2438
343,2812
112,2125
274,2712
415,3883
7,2597
468,3746
248,1262
330,3287
89,2895
163,2881
216,4168
209,2997
362,3993
233,1139
95,1663
336,557
186,3242
334,3931
105,4108
308,495
93,2556
440,2600
151,2497
116,1493
498,4941
257,1617
105,4458
128,1732
243,2436
403,1671
153,1496
213,3762
392,1024
452,4007
421,493
87,3128
352,393
85,2264
222,4484
487,1786
125,4817
376,2184
317,4987
236,3601
56,3899
302,4369
99,2320
250,2718
35,578
275,3714
461,2672
299,1856
402,3260
124,283
380,209
196,159
30,4556
255,2954
76,2686
23,1399
371,2082
472,4120
117,1677
232,4138
156,1110
424,4308
400,3722
484,4359
320,1218
7,758
75,3373
87,2444
33,1161
112,1454
279,4600
434,4888
114,1234
9,1743
248,4203
136,2979
392,4662
142,2501
183,2273
176,3317
372,2963
396,1105
108,638
168,2638
130,168
85,4855
388,463
102,69
40,1177
418,2032
230,2735
237,1462
233,4201
190,3336
45,2460
112,1467
425,3913
31,4740
468,1102
416,2632
130,289
189,1421
223,251
190,2289
484,292
437,4152
487,297
22,3873
189,2589
252,2120
491,4617
413,2748
466,4789
306,2585
222,3934
3,598
10,1540
440,1124
49,1239
133,3862
28,2119
108,4034
230,4963
280,2340
46,187
110,1663
333,2166
214,3935
422,703
377,3175
452,2531
218,2364
340,4047
386,1948
33,2584
234,4789
30,852
368,4789
304,3047
476,2107
225,310
15,729
199,1304
226,3164
465,1423
14,3473
368,3742
301,305
48,88
419,2475
135,4702
284,4273
112,783
396,2528
323,966
188,2993
49,2420
207,1020
494,4756
260,2603
330,1127
56,329
16,1196
215,2308
199,3761
500,4921
489,2059
232,4877
189,40
395,4346
26,1739
444,1498
63,4812
18,3312
462,91
479,1492
169,741
243,3430
363,3761
103,2373
426,3817
240,4593
429,3297
498,2902
319,3425
337,1493
476,2362
56,1739
333,327
49,2783
489,86
358,1552
167,35
129,1729
229,3653
409,4752
326,324
80,3035
117,1382
368,2950
125,3717
219,2561
155,856
103,2615
213,2783
445,2086
439,3998
61,928
358,2612
36,2561
468,3009
471,2489
120,1508
266,808
357,2912
331,1691
371,2258
414,679
429,1216
332,3498
368,977
46,2912
316,521
138,3898
336,4142
143,3976
115,2453
27,1586
489,1617
350,1044
30,3806
293,4445
224,410
251,2499
72,2231
96,2625
164,4974
337,2916
239,2344
262,3267
485,4773
163,521
390,3452
469,3745
185,3986
47,4510
115,4910
313,236
160,1943
106,660
345,3157
208,4320
275,3327
146,3442
144,2349
37,1994
226,1930
496,3740
88,4669
463,1577
368,2508
161,717
290,373
66,3863
16,2056
85,1661
229,3332
298,951
143,1077
12,365
247,1171
94,2878
106,3935
456,2476
358,1941
199,1359
273,1308
341,3923
47,1490
180,2285
328,197
259,2578
407,3230
307,1831
80,2606
64,2073
50,2175
341,661
124,4110
17,3984
141,1310
287,3579
356,3184
273,3644
256,4000
193,682
191,838
387,3931
363,1359
443,3045
42,4687
80,2727
155,3810
408,3990
346,897
229,2298
72,3775
156,736
44,4467
28,3705
78,1082
298,3300
57,2191
370,207
397,1064
397,3050
390,1842
326,4567
97,2492
115,856
443,133
390,4996
133,3354
42,1546
243,3485
12,2835
96,3472
115,4239
214,3198
298,4360
193,2092
165,2784
471,4288
155,4991
117,4470
9,4873
121,913
151,4956
104,4881
395,1152
233,2551
195,4245
98,2326
36,1448
337,4594
119,170
325,275
58,1917
374,396
28,1974
117,2726
339,3327
371,98
126,1233
38,3372
488,1851
276,3658
173,4957
123,3150
496,3432
145,465
351,5000
79,2097
466,1274
490,1631
216,345
142,2382
2,1584
148,3099
180,3842
176,4595
80,4392
178,763
313,170
10,4562
292,1279
390,4554
376,2441
150,4313
61,1117
157,3040
427,2635
236,1872
432,2979
201,3083
378,4436
25,4843
233,820
443,401
176,2272
398,3102
136,3102
437,4262
404,2624
137,4495
321,2101
462,4026
488,3032
245,3274
138,2919
124,2755
260,135
115,3918
473,3397
82,3512
350,2509
245,2227
467,879
135,140
336,130
425,3097
490,3980
252,136
319,1883
370,2343
499,2753
466,2576
445,1470
345,4501
391,2173
313,2748
146,2342
457,1709
390,487
168,1606
425,4386
131,3939
15,1778
9,243
43,4994
282,1304
294,375
392,2933
280,2463
412,367
164,4466
431,380
320,4979
184,1937
301,536
196,1008
201,3567
53,4635
182,844
120,4167
211,1545
407,3406
270,4340
366,4048
442,1185
228,2128
486,208
122,160
82,3996
151,3601
383,726
436,3999
40,1784
69,2485
13,2590
113,4514
340,1258
233,2364
76,165
53,2662
440,3825
199,2716
481,3597
474,2426
386,2313
205,2238
382,4823
289,165
189,3196
366,1846
278,3948
314,4359
49,2664
288,2946
336,3889
463,3176
278,3130
419,4826
152,4482
84,1086
200,2429
18,3206
335,3785
311,1213
395,389
140,1102
78,224
434,1320
157,2732
103,3435
1,3387
108,1500
70,979
479,3133
379,3949
212,574
114,1988
318,3710
227,4080
242,4883
423,1511
321,4947
188,3600
429,4480
336,4252
317,1795
267,217
201,1849
41,1631
311,1226
199,2971
474,2910
121,3546
436,2389
207,2566
250,3956
169,4260
365,1691
437,3028
394,177
77,2456
32,764
431,3213
355,451
16,756
268,2926
115,469
323,2633
61,1172
212,3031
186,3796
28,995
367,461
217,1685
74,3097
136,1760
84,1570
84,3785
399,642
459,1218
22,426
94,531
439,980
497,921
187,3913
159,1865
128,2286
213,2330
483,3911
132,944
66,2805
424,69
105,3736
43,2821
485,1742
239,252
297,3906
421,2215
206,75
199,3105
383,3680
431,4394
384,4548
489,1861
203,3978
160,1127
476,3090
89,2644
171,239
269,1070
74,2292
430,2156
258,2867
258,2638
218,1482
271,4792
87,2985
450,2808
300,4032
453,73
281,3524
86,2531
361,4685
489,706
14,4348
103,3114
287,3689
354,4682
416,2113
149,3984
414,1286
185,3412
455,3044
350,1530
372,1060
332,4105
234,3570
41,3175
292,542
39,2311
44,1194
330,2231
486,492
295,1715
451,3689
444,4696
480,4915
98,1844
299,3820
493,653
214,2958
200,3060
336,2655
281,504
497,3512
194,1259
128,676
453,4408
241,553
48,4359
309,2414
6,4591
276,22
85,3423
85,3194
334,4164
477,1732
155,1718
160,4765
275,4752
265,4064
113,4461
400,3471
252,338
140,2083
444,4938
390,1965
59,145
406,1155
92,3705
402,2204
393,435
317,3823
167,92
289,3724
225,4234
34,2717
56,2735
116,800
112,3539
427,2382
291,1555
277,3606
55,524
201,4816
103,3490
354,3072
154,2489
429,213
386,1563
145,454
109,797
327,2151
351,559
344,3552
321,3834
85,3557
78,4601
73,2271
243,4668
294,927
113,623
381,3555
312,1735
434,2664
422,3593
11,2561
351,680
477,819
81,2805
24,2271
313,2145
96,1622
1,4502
413,4712
181,3157
48,1581
32,3034
324,2913
7,3206
358,3729
430,3834
165,2102
259,3198
309,575
135,3391
364,999
346,3840
335,2927
261,2749
168,2521
326,1912
474,4025
128,3388
429,347
157,1874
279,1571
291,4843
220,2159
287,1166
37,3206
290,417
334,4661
279,2739
19,3337
98,1415
225,1456
160,832
347,170
493,2210
279,3907
451,227
262,62
372,1920
423,4854
441,707
162,3507
126,1598
408,2516
258,1525
10,1423
15,3753
56,78
307,1646
485,4133
332,2871
459,2683
159,4377
474,1005
369,3692
258,1875
208,2283
380,2804
303,3109
153,2118
414,4374
385,3407
323,1775
393,1282
245,4565
207,1829
157,22
143,87
184,879
277,841
313,535
428,1010
99,17
116,1418
98,3993
494,546
191,2760
115,4162
330,1118
356,87
280,3512
311,2825
58,430
244,1603
385,1542
486,1365
116,371
102,4637
410,2538
281,2653
41,197
168,3944
118,4352
11,4226
348,4814
129,1478
365,2014
459,1649
359,2465
469,2071
357,3587
477,3881
370,1311
263,3171
239,2548
309,3287
271,4981
180,1187
59,3112
140,2017
201,3690
220,3703
259,662
334,2004
224,146
29,3354
206,2492
116,1552
45,3298
477,740
334,957
339,3250
320,3008
227,4766
209,1191
472,1830
248,624
401,903
418,318
120,1378
173,4651
40,860
286,4299
360,2033
220,3945
400,4815
245,4941
441,386
157,2842
145,1327
296,3711
146,4935
387,4243
304,2488
170,44
223,1102
331,635
391,686
333,681
94,170
389,3242
251,3537
220,1743
371,2141
94,3324
400,4828
324,1800
318,1497
416,571
471,278
479,2088
85,2686
429,2496
76,2637
306,1113
397,1497
223,3330
235,2401
178,1867
460,3014
179,3489
423,1634
311,410
75,4600
452,4321
500,3086
283,4549
441,3903
374,466
420,2568
232,1285
65,2111
54,4433
174,2512
67,4372
313,3610
387,1344
254,3969
182,417
121,4837
376,1451
486,1057
484,459
83,2101
322,168
230,2794
194,2871
82,2401
462,1639
458,177
482,4735
348,305
33,3448
406,1478
65,3400
409,1978
88,4552
382,2518
79,4732
421,2217
474,3046
135,1365
52,3811
62,2284
358,3100
382,3457
55,847
249,4096
333,1057
295,2522
375,3454
268,3291
177,1483
326,3269
204,1357
71,2225
97,3180
312,890
267,1642
93,3704
310,26
141,2469
291,1999
447,297
39,4407
161,1889
45,1714
498,3874
415,1661
79,1712
277,1956
63,3690
190,4926
331,4636
40,1720
207,1897
52,791
288,4976
119,3181
19,1782
444,497
163,1009
209,3111
85,3304
102,2719
477,3828
260,3830
339,4123
60,4708
53,1551
299,789
464,3337
216,791
37,1314
395,1022
212,1315
406,97
134,429
43,2031
232,735
144,4823
359,547
249,2136
486,1783
402,3132
307,91
262,2829
351,1595
119,2026
62,1492
199,3941
130,1892
199,1497
374,4467
415,4239
265,3248
26,2737
31,3081
447,2996
151,3900
94,3366
450,4233
328,335
182,2203
393,2652
47,3964
370,4883
227,2848
304,4529
212,2725
255,1900
170,3253
397,263
156,3318
51,3036
15,1393
55,1694
55,1465
130,3302
445,2145
339,4607
420,1334
494,4252
368,3130
265,2214
17,2378
473,3146
462,4943
27,2571
121,4650
211,931
355,387
188,1442
269,3087
346,4768
255,974
475,977
325,1447
371,4532
53,759
156,177
364,3095
40,4432
100,2268
413,4714
354,1101
311,2451
278,2274
118,2810
472,3308
91,1630
263,2905
139,883
328,3034
254,2856
221,2908
76,3981
2,1817
482,2454
370,4199
392,1514
132,880
271,1224
61,2397
450,2623
395,472
451,1276
19,3339
203,1699
199,2223
194,1879
97,4161
38,585
375,1402
468,2384
210,1823
409,757
316,1761
436,2809
121,3737
66,3801
59,4845
74,1410
124,2988
110,3053
280,3501
41,1004
170,1643
467,3327
276,3796
379,3214
172,1423
233,4328
412,4559
250,2282
434,1874
190,2645
153,1302
27,2129
266,425
110,1080
220,1248
175,2000
316,956
123,1544
48,3356
19,440
491,2879
371,3982
185,4758
488,366
427,2076
186,967
363,4801
96,2242
297,2003
268,3251
112,4401
370,2710
38,2008
408,787
387,1896
376,4218
314,1088
353,2019
14,338
282,3536
447,1654
424,4114
47,3898
79,2130
454,3764
261,1612
90,1501
107,2902
220,2779
431,2962
353,3537
167,4350
186,2377
461,2841
223,3198
104,4001
455,552
424,3188
197,3963
279,326
98,1217
447,1896
240,3781
78,3490
281,2092
470,2028
286,221
385,1920
233,3778
264,3091
6,352
119,4659
23,521
217,3770
298,2675
2,1630
30,1463
96,4941
213,1850
443,2541
393,734
336,2149
341,4479
193,1346
115,4661
175,4712
304,396
366,1274
30,1813
436,2272
124,4895
351,3891
184,3485
325,455
375,2033
387,3319
182,4607
256,355
328,1692
223,178
290,3386
190,1
255,3365
224,3786
60,2106
10,70
467,4187
491,4315
202,240
174,407
117,3845
98,3566
381,3625
470,4377
286,2570
43,597
122,661
292,1338
256,1644
123,4498
202,2576
152,2984
95,235
292,4721
349,1054
37,4202
338,3147
121,409
169,1352
229,4372
286,4906
415,2576
494,3394
265,3571
211,2517
261,1880
178,2111
4,2978
314,3692
141,2458
387,1696
339,4688
29,1759
259,4665
161,1878
334,3792
42,3620
30,2068
298,3051
427,4922
189,1832
438,2802
269,3518
281,374
473,4745
201,4323
259,3739
151,264
340,3169
405,3564
454,1470
495,3457
450,4209
247,3392
376,1816
257,3814
111,2299
59,2109
264,326
360,788
430,2281
201,2229
232,1542
256,4114
335,4407
135,3824
422,3100
188,718
269,377
222,4466
175,4391
27,1258
326,359
210,4348
165,2885
254,3408
221,3460
276,952
393,4506
413,3172
69,3362
287,4982
60,3542
189,4181
256,3188
321,3583
467,3637
300,1016
250,1424
136,1551
29,3411
404,1073
397,2117
292,1835
245,3938
228,4294
426,603
395,1253
22,3371
459,1948
426,3986
478,4176
266,3997
13,1373
197,1682
56,511
458,3938
300,1137
107,2957
84,1024
239,2847
280,670
125,1779
92,1602
395,3360
30,458
100,3183
64,1274
442,439
23,4885
407,1384
386,4708
386,507
171,619
195,976
355,3409
107,3078
185,517
370,1731
337,3540
483,1608
122,1400
101,1277
271,3186
352,2845
436,1267
429,2311
21,4997
2,2503
222,4721
277,2442
483,2547
6,4837
68,4254
154,1325
343,4230
419,576
484,3186
358,2781
143,641
225,1205
275,568
127,4605
22,122
390,3258
440,635
372,3884
382,4077
482,4658
398,1806
483,1621
92,3951
176,158
496,3546
394,3498
428,867
440,2153
144,1108
1,2520
82,2216
450,397
331,934
50,2907
279,515
475,4362
310,1814
365,3965
392,3839
17,515
235,3855
245,4314
393,1031
117,867
292,3379
254,872
130,3317
235,2579
429,3613
381,418
215,3095
447,2435
433,4486
51,3401
283,2741
457,413
197,1240
219,2985
214,426
201,2150
203,533
3,3626
421,1924
32,2112
450,639
110,2934
483,1984
389,3783
62,1173
418,2269
318,3085
363,118
459,2795
280,4550
232,1355
32,2233
271,4730
278,1471
371,238
90,4389
120,2053
326,4373
407,1063
305,3267
427,1944
284,2161
9,7
239,2418
254,3221
1,560
245,1186
157,3288
14,3468
29,2056
48,2069
10,1777
453,1071
303,4510
401,2867
124,78
79,2816
198,781
365,958
22,4231
488,3509
180,1178
250,4620
477,2825
375,4800
3,4928
383,2934
445,1597
456,2658
308,545
253,609
43,1028
65,2773
359,3745
207,3122
100,781
408,897
84,4220
17,2998
278,2773
173,1259
211,1551
9,4800
170,3176
84,958
20,3417
212,3587
279,1133
375,3056
301,892
191,1020
492,194
299,1785
168,3251
474,4526
357,1726
413,4516
291,1372
74,620
170,3297
308,558
115,3132
139,1503
276,3235
477,4945
463,3061
227,4999
318,4400
309,4809
120,4644
309,379
169,4011
119,4419
124,2548
208,3710
435,4884
177,2145
483,3649
89,4018
116,1906
47,2035
171,4996
6,2448
66,1267
18,2273
145,3546
184,3474
14,582
473,1096
182,2610
10,1106
168,4661
78,3721
138,3772
205,3533
280,4350
289,1689
461,2964
32,4019
464,266
307,4483
197,1871
267,1378
41,806
187,4832
364,4199
59,1614
322,4468
365,4838
389,3246
497,564
421,1966
216,4715
154,3837
498,3381
54,2209
418,2900
327,3270
246,164
39,4035
490,524
266,1045
6,1643
52,4728
81,2985
347,1155
120,4899
343,218
472,103
372,919
375,4371
232,2336
271,1510
450,3727
47,2290
284,4189
38,4722
88,113
332,4903
196,1861
480,1391
327,129
492,462
464,2844
122,2878
347,3491
447,1214
166,935
312,989
160,3335
399,648
22,2647
333,3034
8,4146
103,771
137,2570
192,291
109,4723
190,3628
460,3260
252,4277
282,4156
1,3877
393,991
382,307
232,1531
209,3799
178,248
121,3915
224,889
93,1601
468,1515
265,661
196,3042
232,484
364,4804
168,4929
290,3872
83,4333
193,1953
334,1700
194,3117
378,3692
484,3859
141,4917
76,92
277,2068
227,2476
400,4619
440,1308
376,1818
491,1768
432,4571
229,4508
464,884
82,782
278,1660
450,949
272,4326
348,4873
191,3169
72,508
249,2127
360,911
297,4275
393,536
419,3706
157,3477
91,908
163,1013
359,2874
414,595
274,1783
191,2243
270,2307
309,3696
87,3354
35,683
191,967
359,2995
478,2192
376,4396
331,4653
156,1094
290,3309
433,1668
168,165
479,3999
94,216
111,1617
374,2256
74,1964
444,743
136,2613
365,221
198,2030
175,4527
27,1394
235,4541
137,4006
51,1751
145,3830
491,2023
246,4407
215,398
416,4589
404,1088
393,2885
484,4235
16,683
396,4351
317,4058
489,149
217,4645
120,4712
247,3999
87,4535
45,2552
210,404
319,576
375,3137
442,2898
373,58
82,2326
469,2735
305,4061
95,2036
34,1797
450,1446
438,160
486,1103
477,3269
119,3561
150,925
222,2979
60,1934
237,1567
459,2434
240,3033
276,4713
329,4539
78,2742
205,2783
102,1113
480,4708
91,2452
190,2394
474,1924
112,4955
85,2637
33,4433
21,3147
241,1164
337,872
146,109
170,466
340,3092
82,2339
276,2619
73,4734
380,4891
31,536
265,2689
437,995
180,4079
476,2909
273,2055
285,3341
350,4719
467,3318
443,746
212,4031
38,2912
279,1806
50,3969
57,710
163,1631
199,1059
240,831
197,195
307,592
231,3226
250,4259
241,4439
34,174
172,2353
232,418
285,1476
212,1937
261,2058
326,3207
379,4265
286,4037
224,944
191,767
318,2040
32,1417
304,3862
293,3932
201,4609
414,1455
433,1468
1,791
340,1011
4,3277
235,2944
51,2369
16,4334
274,4858
463,4794
72,4643
221,2228
333,1237
21,1645
329,1761
284,69
230,1001
296,2523
432,1135
7,2420
299,1774
161,4284
199,4576
207,1956
415,902
210,4176
461,1543
426,4969
373,676
438,1825
40,2947
301,544
123,3884
68,3948
269,3938
169,4000
38,1073
160,504
268,3484
383,4225
259,1715
173,2429
250,4864
18,1094
91,1084
153,4702
189,4359
166,4641
486,3828
240,2375
391,4988
245,504
174,35
180,3758
123,2958
107,2196
164,515
234,2008
153,622
58,3014
445,1962
455,4636
278,3017
231,2905
21,3886
17,4639
380,4462
397,2416
244,1154
154,2429
104,622
207,3487
336,1911
205,1199
148,1860
103,4598
317,2837
446,2722
215,2789
177,2268
397,4523
206,2969
25,2665
99,628
307,3546
255,1141
250,797
21,974
148,1981
34,684
385,4139
170,50
353,4830
279,2437
156,1283
374,4889
300,2496
130,3253
95,2212
119,2569
284,4888
29,1858
98,1463
46,1044
195,2564
147,1355
396,339
301,3485
310,824
425,3026
208,1042
172,3334
34,3141
128,4725
448,3683
150,2040
291,1979
46,1165
366,4553
414,2086
204,290
346,4840
148,2344
137,4666
161,4794
238,2274
4,2861
169,2403
451,1335
444,2342
370,178
62,2048
122,4048
238,3442
389,3611
480,3729
449,4379
366,3856
108,3857
70,1350
64,781
297,989
328,4503
87,1933
85,3055
482,3923
69,2293
117,1058
368,4841
134,3442
15,2996
500,301
272,4315
231,3294
475,4674
249,4102
266,1531
116,4741
56,2475
367,2108
296,3625
480,3971
204,3807
111,3579
479,1531
140,1836
231,1429
138,191
231,153
382,2766
22,4180
495,428
156,733
431,2658
102,1665
86,674
373,4114
382,2887
146,2647
170,1018
321,4863
429,4396
195,28
277,4527
62,2424
313,2006
468,3866
318,2350
461,2658
156,4237
400,4863
221,4632
59,2126
114,4011
489,1185
164,1388
38,1020
382,2779
41,2715
332,972
175,1254
283,4463
144,1675
173,161
198,4126
277,218
460,2820
367,2363
315,1907
270,2659
215,2723
273,3896
233,2548
451,4168
219,398
406,2439
227,2733
378,916
56,865
57,1504
308,1086
111,3955
71,4822
384,852
362,2490
479,1089
78,2731
205,4758
458,4184
236,3842
215,2736
187,4889
244,1222
283,396
484,4587
419,3963
472,3301
245,1861
54,1098
272,4933
141,3201
63,4530
132,4135
464,4645
15,2567
137,2264
360,3733
255,4242
415,3440
20,4079
15,1520
237,2387
490,581
190,2275
111,3968
78,3791
47,240
482,3615
167,4543
196,4012
210,1466
311,3733
147,4793
369,1459
183,2272
498,1115
458,2211
272,1563
34,4364
344,2863
244,3679
110,3864
116,3386
117,2039
392,1978
456,1239
60,3225
13,1164
476,925
307,3856
475,3669
365,828
370,3158
96,2101
65,4737
252,4563
49,299
15,4098
78,2168
176,525
236,1064
26,3469
332,772
339,1714
65,2643
115,4975
452,1591
333,4380
137,2519
183,4850
431,485
229,3505
167,3859
220,1470
447,466
206,3521
153,2234
481,3231
100,4034
329,1642
191,4152
418,4380
404,4970
440,426
335,144
488,3392
350,3916
259,3569
6,3123
231,1484
21,4680
19,3816
112,1829
337,2176
317,477
279,2171
367,2055
468,646
468,2632
332,3000
323,3409
393,472
16,4457
415,4166
136,4522
248,1545
382,3760
163,3164
82,1778
383,2938
152,4466
267,1006
50,4455
251,15
86,1668
96,141
1,3250
204,3875
381,3242
489,2287
133,962
425,2531
148,3714
43,2200
323,2254
42,551
205,4450
150,1545
291,3470
413,198
397,2405
373,3014
354,2772
424,4228
295,4343
202,917
78,3362
358,3645
430,1535
237,3355
1,4539
423,98
390,4122
23,4823
329,4112
360,1210
203,1263
60,689
289,2498
172,1913
464,1304
70,1902
178,2667
463,3294
214,109
499,3476
146,3883
337,2431
199,2726
90,3722
205,4463
272,1484
380,2478
466,4238
421,560
101,3322
92,1782
424,40
456,4193
253,2144
24,335
44,3956
278,1154
376,2480
408,4647
346,1554
310,1631
337,1734
172,1926
488,4118
385,3202
278,107
234,4238
487,2432
141,3256
334,1207
464,4929
7,3027
225,2432
358,3779
82,168
183,4421
76,4029
205,504
261,3028
72,2109
228,2622
214,4673
155,1097
146,2260
167,1336
339,588
473,1342
471,4716
446,4134
140,415
370,3321
382,177
402,1812
37,1162
83,1049
214,1532
441,2743
396,1280
364,2459
188,3731
251,4016
387,642
239,249
144,1409
204,1460
44,4211
426,112
47,3691
35,4391
258,1925
3,2867
230,3849
335,3111
38,2861
284,2099
298,1997
179,2571
379,121
69,3342
58,2695
35,1479
303,4448
220,478
53,1304
472,470
112,2113
26,4813
401,1758
48,2357
72,499
77,843
490,1012
476,3329
496,1995
267,711
74,2531
53,1654
366,3871
32,2534
343,2921
420,4336
413,3165
48,263
342,481
70,4748
37,4571
128,4164
73,2013
190,612
2,3301
173,4580
212,3525
157,3589
353,1020
79,4164
287,4867
230,4333
306,679
372,4682
325,2355
462,2360
221,1251
66,145
360,97
499,1195
96,1485
237,3181
51,3957
139,394
467,3872
252,1732
157,2663
14,2843
81,1850
237,2363
180,1600
209,4516
116,4059
398,2725
346,2535
64,3374
203,4701
425,2599
238,4170
469,2376
447,4280
406,1273
438,4231
438,2016
38,4755
336,1968
205,3471
412,4178
446,3008
212,4827
358,2895
22,236
190,49
66,4480
23,3844
179,2371
468,30
65,4484
383,3598
350,3421
274,4594
193,4669
294,1045
225,1211
495,3021
423,1455
486,3201
214,4728
264,2105
162,4309
33,2209
477,3152
320,1448
392,5000
344,3791
304,457
359,1147
276,4825
120,636
94,1401
30,1874
90,4140
386,2741
463,2436
67,4422
368,3367
459,3485
194,3968
127,760
113,2848
94,583
418,4356
129,4253
344,1926
297,1851
39,3276
462,4133
302,3915
80,3802
58,4723
327,1235
440,3327
22,2585
166,4256
374,529
358,4197
234,226
216,586
283,1579
68,193
128,2459
336,1176
243,948
229,1050
260,363
442,2326
165,1294
359,2328
39,2121
161,1818
80,432
389,3668
14,4508
24,537
397,4017
349,68
63,2680
233,122
106,835
73,4859
324,4441
286,3920
380,815
62,11
34,4379
22,841
51,3528
233,1061
448,949
74,2465
370,1295
232,3805
196,1933
232,3576
281,1711
179,3915
366,2987
201,1230
202,4047
412,3628
56,317
240,4339
157,369
341,715
191,4154
96,130
473,4806
151,4755
108,1941
393,4554
473,3988
87,2232
312,2350
189,3182
292,1883
337,2528
41,1483
342,428
115,4172
311,1078
285,3829
364,2890
425,3580
325,2181
294,2602
488,3636
278,4055
376,3166
166,1370
23,1321
98,4353
60,3832
371,4219
168,3136
90,3711
236,1550
210,4530
494,1845
70,3998
104,4814
135,4127
402,41
57,272
394,3075
146,3993
77,3368
256,3370
25,1488
221,380
389,4394
203,3709
243,398
96,614
154,4756
247,554
381,3486
147,1333
85,2441
386,3830
355,2302
181,2149
436,1207
97,1741
361,804
252,4015
243,2734
341,1091
127,2788
239,3029
254,3832
285,3145
65,2324
10,4374
242,1499
314,3553
315,4192
224,1795
26,1056
201,2077
209,3658
136,2096
427,2568
191,2557
455,4064
364,4434
223,4495
448,412
263,3076
7,935
375,3317
29,694
354,4426
170,404
395,2966
180,863
197,2227
23,3094
465,1224
47,3451
498,1172
341,3669
274,2447
91,4726
337,1749
266,1280
82,1459
114,1411
74,4493
382,2394
41,4316
426,4652
434,4247
341,3790
286,3854
351,4249
485,3017
55,723
378,4611
51,1247
319,769
458,3328
432,2107
184,810
492,697
407,4265
223,1475
73,4914
282,4499
208,4321
24,3746
392,1927
175,4144
162,4619
382,2636
282,3452
36,3985
37,1406
173,2004
196,941
89,549
221,2166
496,2105
14,2590
160,2415
96,2171
11,77
121,3921
441,3108
212,3514
366,2934
447,415
276,8
314,1017
358,306
272,1057
480,4204
471,2169
326,1293
283,1889
112,4222
24,4109
15,2303
65,3881
350,832
171,601
30,1150
115,1194
397,4327
132,2595
316,201
427,1200
463,2880
292,3227
478,4400
175,198
431,3830
479,609
364,622
196,4687
423,1202
154,2246
369,1905
119,3191
38,85
81,4885
327,2137
294,3946
430,1363
227,2724
316,1490
412,3938
157,450
247,2824
255,3173
140,2203
181,1975
318,4690
220,4118
266,2019
434,3589
231,749
380,4521
86,102
58,4241
438,4462
307,1498
300,2542
162,4298
360,341
485,1541
122,698
213,853
493,3351
357,2029
162,3251
95,43
200,3543
217,1497
55,2859
172,4198
41,746
316,2671
135,115
55,4027
443,3880
395,4886
272,1783
55,2980
98,1401
370,813
177,3616
385,4319
491,2271
441,693
140,1519
88,1329
62,2094
210,4732
493,4532
340,2038
429,2790
489,626
389,1442
14,4268
373,4615
27,3978
250,51
253,1517
62,1986
41,3324
339,537
261,1112
149,2628
245,2336
391,2390
251,4073
225,2623
483,2918
467,2385
333,1927
386,999
16,5
341,1751
444,2401
242,3206
192,3614
144,2405
266,1348
59,4024
305,3262
369,537
322,4892
9,231
315,3684
352,4505
372,3437
415,1821
272,4024
301,2510
12,421
30,1192
191,1820
387,712
404,3096
247,409
149,1823
197,4752
140,3989
451,3622
69,3520
64,961
430,1284
330,1346
404,1820
395,4215
104,1528
209,827
23,4343
30,1084
389,1926
63,2695
99,137
405,3627
446,3628
365,256
67,2814
387,2001
381,2186
133,135
150,3751
50,137
41,4518
276,3338
11,4575
367,3456
364,3710
131,2196
74,1662
227,2658
311,3295
172,507
77,913
216,25
377,387
478,1193
407,2710
235,3421
302,4414
7,2776
432,3477
253,4000
220,1837
356,449
149,3354
438,3228
209,3405
455,2643
405,3051
197,4068
469,326
483,261
50,4809
40,1906
246,4226
134,1770
154,436
338,2997
214,4651
470,4119
437,1956
81,2846
301,900
395,4699
6,4658
398,1735
52,3313
93,870
230,3585
421,2887
194,3662
462,4645
322,141
105,1375
289,3899
103,4712
175,616
170,2258
65,1976
333,1727
129,914
172,2038
294,752
395,3773
340,3837
436,3545
145,4830
336,4132
224,3662
349,4071
270,1563
311,1564
32,2149
118,1694
317,3072
241,2259
296,1966
282,4017
497,1727
215,580
359,4237
383,2379
157,2036
62,752
235,643
164,4146
365,4136
394,4608
132,932
144,3
197,1290
209,398
156,1289
498,235
362,1623
236,2975
485,3945
115,699
149,3501
161,586
486,4318
35,4382
422,627
320,4780
84,4015
375,2501
165,1459
149,4669
54,1399
448,2750
415,2802
47,420
199,3214
95,2339
236,2049
14,3168
378,412
70,296
94,653
376,1800
285,4799
235,2992
352,2345
149,3743
331,1239
107,1760
224,1113
303,3392
475,4667
229,3214
413,3035
348,425
263,58
52,1595
475,2681
175,4146
497,2211
13,1115
283,2925
383,2863
104,1233
250,3502
441,2050
176,584
9,178
220,2576
347,3849
275,2283
414,3610
161,2935
145,2173
64,3231
224,3220
346,1934
313,3972
122,2189
440,3747
378,2640
111,2525
217,1231
450,944
200,15
35,2422
310,4576
192,3803
355,3272
35,1604
403,1771
62,3693
169,1604
107,2941
251,182
96,4509
208,1532
113,248
20,1252
462,4337
30,4643
16,4745
431,2772
109,4973
145,200
203,3295
158,2061
249,3411
280,2761
371,893
467,2816
1,1094
379,2703
355,2117
422,1124
263,2528
318,4450
277,2197
222,275
294,1612
469,381
431,4061
431,1846
434,1363
281,855
150,1604
420,1199
454,2998
277,3365
206,2667
188,3293
386,3537
243,1502
437,1782
344,3540
304,2421
25,1545
109,1953
35,3953
89,4418
434,4867
2,4944
461,5000
242,1664
59,2482
143,2853
6,1801
364,2034
195,276
489,494
410,4136
313,4698
389,1081
485,3758
69,1628
294,4190
366,1326
309,2778
407,3838
343,4348
14,3089
415,1218
24,3548
387,1385
486,3313
111,3961
234,4526
342,1090
256,3790
115,404
144,1105
40,2445
303,3084
325,628
163,4767
169,3498
265,1516
349,2153
411,816
423,2856
361,3210
340,3087
433,1100
99,1978
101,590
61,1457
71,4131
147,4678
1,423
324,2096
482,4668
368,1385
121,4891
257,1288
482,3850
322,222
129,2271
205,1623
160,123
416,4021
20,3038
123,4671
450,636
405,3374
357,179
40,4673
358,1047
7,295
449,3380
234,1277
172,362
132,1000
188,4019
45,1755
126,2646
413,1922
13,231
295,1637
12,4961
325,991
55,901
435,3337
367,2156
448,3047
355,641
286,2985
248,4679
487,531
328,3396
472,4838
44,2176
417,472
180,236
218,4692
307,3983
489,991
295,2697
403,3691
208,1237
75,4091
445,4856
56,3583
118,260
202,668
279,1117
303,3460
377,1423
327,3817
172,4697
442,357
423,78
113,1350
493,817
315,1484
133,3170
47,3884
298,3466
439,473
250,537
150,370
416,1243
390,3994
33,953
50,2354
260,1898
425,1477
86,2011
368,2929
366,4280
139,1608
56,1839
444,4873
390,4344
238,3987
365,3533
315,1726
490,4467
209,2239
455,1477
13,378
71,548
420,4637
327,2194
227,4996
219,1385
444,3947
58,4177
27,4827
372,1600
430,3756
339,1157
280,25
149,1262
17,4755
208,3828
228,2723
462,4647
219,2674
448,282
90,574
408,3364
46,4180
292,3418
309,2833
58,1036
335,3788
32,2030
214,3727
417,2366
200,3600
143,814
72,2102
89,4486
481,3024
469,1738
1,1404
350,2312
126,4782
224,3664
303,3957
243,1691
487,4532
232,1273
328,752
75,1326
326,2894
152,2970
295,1329
176,1378
463,388
452,2444
68,3501
355,2777
37,1973
370,870
65,2449
459,390
206,4145
371,4478
464,505
290,4782
63,2376
350,1386
367,3016
26,2457
12,2559
79,1566
163,2728
443,4997
116,2387
147,3686
448,4846
344,3971
356,3042
237,1630
13,2151
316,1923
419,3327
362,2793
355,3837
374,4079
281,3622
114,476
360,3686
308,3496
20,4261
268,2111
478,1692
369,4674
465,4611
439,3198
308,2449
93,4510
373,4793
242,4081
130,1396
388,1920
197,2352
453,2278
109,290
458,407
324,2164
279,2916
293,599
69,1120
389,573
492,1977
329,3676
458,3561
286,825
360,2760
495,4611
213,3501
452,3746
135,3810
448,1826
155,4728
74,1585
451,1343
210,3166
12,478
220,1410
207,2114
474,14
489,3032
403,3746
207,1885
277,3112
46,2691
409,1053
109,761
188,3040
167,3920
393,3674
97,377
350,594
188,1993
425,3626
415,723
354,2928
485,1
159,4675
66,4218
52,4283
117,4678
293,962
289,3472
165,1716
342,366
149,3169
235,2189
391,2702
59,14
117,3631
410,500
480,7
260,1724
153,3584
172,1611
355,4213
57,4519
112,25
76,2317
246,2994
287,4981
1,4358
359,656
419,2656
155,1829
303,2710
191,4455
191,25
125,3872
149,2014
367,3634
295,2068
314,2081
366,1194
194,444
27,3485
343,4216
188,2356
171,4927
21,3936
112,1314
69,678
443,2353
485,1532
390,211
264,809
399,2660
82,1263
285,3083
121,2423
62,4997
469,625
145,3719
71,737
351,4992
363,2077
454,2195
235,579
450,504
349,3081
397,4815
433,4472
5,3271
356,4023
135,4549
212,4015
305,796
328,928
305,3950
236,2093
93,3505
201,3304
177,2452
273,2160
417,3602
315,1339
43,2866
43,651
468,157
146,106
479,3433
331,3269
9,1040
258,3959
189,3859
237,4839
185,182
171,2270
372,45
81,1064
29,874
299,2684
242,4136
272,2029
45,2804
296,171
340,4378
493,2442
252,1296
257,1640
157,2456
198,767
365,944
382,359
448,4096
303,3449
284,1221
353,826
213,4724
163,931
474,4499
37,68
449,241
244,2990
13,4555
466,1642
333,4496
106,3056
305,2448
367,3097
446,1175
244,3929
39,4463
400,2456
446,2572
391,421
391,2407
444,3694
143,319
170,3162
41,308
421,300
489,175
46,3806
404,2053
187,1530
462,3226
155,1992
379,3457
35,3647
451,593
95,1712
248,493
142,3221
457,78
490,26
481,206
264,1669
439,4676
301,2985
377,1546
246,1063
483,2467
108,1129
8,3406
132,1486
173,3473
171,2646
176,775
497,1584
12,1835
270,144
89,4233
189,3188
409,1471
385,619
173,2426
181,4236
2,329
213,4979
276,309
147,158
312,4692
61,909
107,3011
2,1497
193,45
272,1358
280,3168
324,2945
424,1900
441,1315
14,3951
136,679
144,3014
457,3245
355,3463
203,1379
341,2252
206,2027
225,91
106,628
6,4891
455,4754
295,3304
264,985
16,3889
360,1218
116,2026
195,333
491,1149
30,754
275,4234
258,389
120,684
271,4529
187,1677
6,811
452,1157
30,3908
334,2599
35,4023
251,4816
215,2907
235,4727
411,3906
22,418
123,1224
484,4650
145,983
198,351
146,2147
342,1039
181,3565
284,1034
299,3557
271,3724
405,2492
460,213
350,4542
352,939
214,709
110,1820
10,650
65,4558
65,357
3,1694
60,13
138,1101
12,2453
180,4481
493,4712
171,4661
302,714
162,4841
229,4373
230,811
435,1997
183,4671
422,981
448,1936
415,3974
28,1350
119,714
399,768
252,1472
305,3321
255,1514
294,2637
320,1643
225,2803
356,3286
388,2272
178,247
426,1746
37,4674
178,1415
264,435
324,3455
418,4780
164,1251
110,4398
86,1597
91,1941
239,607
242,124
316,73
383,4035
489,4431
61,1769
30,4405
413,3389
408,3045
380,2983
244,1890
297,999
381,4110
41,2470
55,4354
251,2051
383,4156
111,3697
154,4333
157,3584
329,2873
325,3397
43,35
161,4228
57,3353
153,3815
34,1649
275,543
172,1613
13,314
231,3883
219,2597
293,3300
305,4623
162,1834
19,4229
88,4100
122,2664
115,4462
113,1649
335,3711
180,2642
69,2774
157,443
368,892
180,1595
214,4589
250,2822
489,2350
320,3295
201,1883
270,1488
423,2484
478,4406
137,4113
359,779
61,3071
102,857
339,275
297,2530
225,964
488,1832
98,4535
108,3762
344,3544
203,387
97,2849
298,624
143,2736
124,508
307,3598
79,4643
363,4173
308,36
492,2597
327,49
342,3067
428,855
452,983
90,2028
439,1953
432,2960
334,210
98,3609
220,3077
249,1563
94,4658
42,4468
373,1104
83,2025
396,4471
279,1671
126,2395
382,2092
328,809
350,3537
393,4173
458,4302
475,270
153,2205
491,1446
494,1451
268,2865
440,2154
169,2334
162,3378
349,3204
132,3206
414,2138
469,1808
9,2318
138,1974
126,651
229,106
275,4194
3,3735
121,1512
430,1035
467,1102
441,4082
66,2744
489,2847
212,58
453,3153
284,4135
253,4785
418,2149
289,12
299,471
192,345
309,930
407,2219
185,1352
312,1164
403,2743
169,4562
447,4772
48,2057
161,4149
171,407
109,1515
360,3046
251,2093
356,1126
132,4616
1,3113
440,302
450,990
402,3982
135,3867
202,4860
162,3741
103,128
49,3800
166,2399
4,2108
215,4506
435,4509
285,4979
490,15
304,828
252,2587
104,2460
364,1596
319,133
425,4730
52,3990
186,4219
437,3572
53,2643
288,1988
458,1645
243,2474
427,80
74,716
358,2232
478,836
261,2299
82,2822
371,2925
38,4442
319,2240
21,597
157,606
410,2772
370,3639
41,431
220,2648
456,163
285,791
362,3226
66,195
178,436
241,2936
494,901
318,4388
304,252
423,4404
106,4697
402,1312
133,4571
157,727
416,429
146,605
49,901
462,316
211,734
154,200
391,3819
181,4238
432,3591
99,1432
374,3586
9,2936
219,3712
364,2898
112,3586
332,1374
485,4622
72,1972
189,1325
452,1964
238,2944
88,4168
84,4692
500,2126
393,1771
240,509
448,1441
217,1545
370,4002
228,4821
419,4123
21,852
81,866
468,2066
48,2675
316,3887
285,4308
233,3889
119,340
93,1105
423,3720
209,499
412,1087
73,1392
489,553
360,4832
260,3433
215,3956
215,1741
103,517
299,2378
216,4824
16,4241
183,217
16,2026
353,2843
248,3315
81,2155
387,3659
191,2552
311,4832
478,3548
345,4416
190,112
422,3653
102,2214
68,1169
248,4254
385,4488
118,2158
402,1688
357,2211
398,1983
105,684
57,1690
234,3309
409,4064
8,4952
182,638
212,1978
322,4590
169,1113
351,861
31,1408
256,3970
115,2799
323,2977
66,1860
58,4894
96,2971
414,4300
216,1804
307,1693
401,803
262,230
447,3659
151,4563
335,2169
488,1216
328,3213
123,2515
141,2569
87,1811
168,716
498,591
126,4920
24,708
344,4096
478,2864
472,2561
35,2523
202,485
389,2792
45,767
67,526
101,1830
326,2443
42,4899
264,4746
174,4035
219,1068
193,4048
141,3629
215,2346
60,486
120,3506
153,3683
467,4553
23,3344
291,126
7,4568
148,1538
41,3398
414,462
116,4740
226,2397
465,2642
155,3914
14,491
494,3868
96,301
159,4787
101,904
450,3044
11,4394
207,3286
458,653
432,3633
76,4523
62,4625
437,1533
299,4043
65,3876
376,4263
383,1004
448,1133
264,558
427,4457
43,1084
294,4867
256,4575
390,1128
6,3417
398,4695
126,35
110,3245
101,4408
321,3694
25,3632
456,3064
96,4744
148,733
356,1665
34,1651
442,3920
449,661
440,4813
94,204
130,1884
407,2650
429,4395
85,384
66,142
155,3109
478,4287
240,4873
453,1490
236,1721
234,894
450,1192
171,2945
348,2083
196,4924
399,2543
58,35
321,903
338,3058
49,969
300,551
52,4650
152,1619
107,156
234,2183
354,2019
409,494
23,2902
384,2127
207,279
148,3311
74,3133
318,3759
332,1442
161,1560
369,4478
317,4288
73,3433
377,4073
437,2138
38,443
208,854
239,167
132,4013
308,3421
12,161
349,978
438,2484
90,2969
293,1342
313,4704
191,3546
215,1917
411,3024
249,2733
410,3324
487,3544
464,4055
355,2836
162,2441
229,4188
13,103
178,170
422,4997
461,2215
304,3958
106,4202
472,1327
269,3442
217,3252
410,183
382,4551
22,3979
329,2446
475,2500
46,1340
242,986
85,1002
312,4199
28,2454
267,750
379,991
205,1858
401,2965
216,4905
162,3851
57,4323
272,2033
399,825
5,1423
354,1577
245,4559
344,2057
103,948
18,3055
382,3746
301,2626
497,57
232,540
488,4667
401,3207
150,1410
22,4342
497,1225
335,372
362,2986
398,2643
267,1931
320,4975
132,1477
162,831
358,4449
15,1077
82,3053
428,3461
107,1834
394,3059
270,1303
104,3751
345,430
243,2597
222,1262
347,1937
489,2286
43,2428
182,3297
88,895
52,1201
7,3939
224,2476
67,1775
404,1131
58,1955
436,1083
349,4053
306,973
414,4973
464,364
408,4633
30,1563
95,1958
316,4815
321,729
412,847
176,2068
482,1320
301,1245
270,3881
313,2302
280,4340
277,4594
115,4761
106,4941
185,804
219,3835
155,2359
35,1799
303,796
93,3201
349,3127
493,2125
326,1948
305,3057
33,154
358,3886
162,39
499,3596
306,1215
225,2310
168,1510
237,4764
306,4369
254,4179
199,42
190,222
386,4069
152,3902
173,578
147,1572
408,1613
443,439
148,4426
265,1564
404,447
469,805
403,2437
105,4995
193,412
17,4882
306,4719
263,3891
130,4759
285,3613
244,1397
443,4990
283,2786
411,985
430,4004
15,756
25,1969
118,1931
121,1677
52,3792
258,3897
22,651
500,3430
56,2221
119,3967
174,1688
97,1993
29,1041
146,4366
244,4901
27,1934
235,651
68,474
174,641
380,2732
151,3626
32,3446
150,3438
250,1161
155,1567
131,944
492,2909
10,4855
204,1459
85,4211
319,1934
107,3741
31,2928
41,3387
146,3440
344,944
111,4614
498,593
403,1753
386,2109
133,1929
243,4504
129,2453
146,2393
1,3170
393,4714
4,997
2,4563
413,3151
265,1001
232,2810
473,1704
278,2697
171,585
462,1057
89,546
250,3618
336,4853
103,1124
497,1280
170,3100
172,3698
107,3983
370,4851
186,75
332,4330
308,3744
22,1135
156,4104
326,4781
452,2705
31,2123
339,2010
311,2177
309,3565
199,3693
355,4435
262,3749
131,2246
55,3648
204,2990
106,203
207,255
97,4584
250,3631
100,4330
372,359
460,3855
443,10
477,789
449,1710
239,4115
164,3712
430,4851
208,1769
339,4238
308,724
499,255
297,4736
435,2714
304,1248
82,3121
393,768
352,2716
33,2182
410,1903
179,2236
494,1079
258,2300
189,2429
490,3589
457,1197
202,153
279,2359
286,268
480,3288
261,1901
32,4064
192,1838
302,3659
333,1548
59,4692
145,3712
496,263
328,4062
59,1659
374,4703
107,4588
312,1610
136,3074
181,107
45,3481
463,3240
399,1498
294,4185
304,2658
60,2032
82,2316
87,4646
445,4354
221,2660
80,3438
157,918
441,448
353,2779
136,4013
394,336
160,923
230,1662
462,2951
385,1041
462,736
87,1613
238,3243
420,4940
341,446
360,4660
427,3667
325,1670
65,282
493,1254
228,1737
278,3315
302,3901
345,861
312,2899
67,4529
375,4416
79,1385
213,2368
419,1978
253,2440
165,2327
132,4365
135,3616
250,4357
315,285
304,1624
443,4937
6,1930
80,4848
78,2035
23,4085
32,2333
86,583
196,980
60,1348
144,4725
149,2625
362,3901
11,2920
57,1050
270,4083
304,2913
187,113
292,1627
68,2636
444,4384
22,2934
204,696
379,3437
88,2507
415,650
303,4381
236,1173
487,755
459,693
421,4373
76,2352
301,4951
45,824
213,408
285,3694
262,4730
396,529
337,1117
421,4494
25,293
114,2994
88,3796
377,3633
418,1456
378,2811
118,3638
343,4022
109,3855
207,2175
84,1058
454,4792
491,658
126,1957
222,2419
497,2395
10,3997
44,3581
23,260
14,669
162,604
241,1880
427,84
374,4624
116,1885
197,2776
183,3107
357,779
399,3405
53,2997
201,1471
259,3102
37,545
305,3743
367,2406
430,4677
48,1606
492,1354
478,1190
68,1026
324,2938
398,2887
97,1727
415,87
208,4749
165,4113
277,2368
228,1429
269,4170
21,2119
76,1560
3,264
383,27
338,779
376,4454
4,4811
111,2722
90,3831
67,4342
81,1796
79,1198
287,2130
404,3698
161,3482
171,4170
142,1254
217,610
93,2264
196,1719
299,4584
160,4011
49,1965
312,618
150,4003
33,1203
451,962
69,2846
493,141
281,2436
272,4868
143,1748
237,1612
488,965
428,685
168,1512
195,3601
391,1032
184,1493
325,449
397,4755
493,262
457,2554
90,3026
286,457
279,1501
282,3196
492,2777
29,2787
113,1963
137,2320
147,4957
54,336
497,4289
270,863
484,2778
394,3558
158,1561
256,4082
473,2390
211,4605
133,2965
104,49
9,1209
77,4790
276,1967
255,3601
375,3666
258,866
159,4536
109,4715
484,3838
92,3085
195,3735
214,1762
104,170
102,1292
241,4605
279,696
418,1269
77,2925
335,3449
345,4662
376,4012
37,116
183,1631
336,2627
243,4385
126,831
358,2157
86,1698
487,581
163,3904
268,1180
297,1918
151,366
101,2760
4,1107
58,589
177,540
211,3800
393,3548
147,4044
398,3626
40,3918
268,3516
414,3607
445,2920
384,2681
90,248
398,2350
143,1306
179,1754
222,138
259,700
45,2168
399,4386
275,2401
261,251
221,3333
484,3972
172,2653
149,949
424,2874
233,1357
66,1180
330,2687
199,1709
328,3580
166,1532
111,3582
431,4984
431,2769
96,3459
428,2700
90,3644
181,3008
40,1837
144,1894
376,3449
257,3232
302,265
326,3628
19,2128
14,1555
277,208
161,4692
257,2185
354,842
240,3938
185,4002
109,3226
42,2004
52,2426
334,1129
24,4350
308,1894
10,4415
454,1948
32,1959
75,3349
106,2662
393,1938
36,4818
370,3940
230,3637
229,4166
482,3363
296,2944
270,1723
430,1712
275,1838
271,2362
109,4515
233,1841
362,4466
78,2721
248,3132
14,2965
187,2893
333,2947
424,4526
474,1903
369,160
181,4539
441,3712
2,861
67,3242
203,2837
55,3905
344,1793
120,853
211,4418
266,2139
422,437
62,4295
341,3481
286,3545
105,2716
143,756
442,4058
177,340
366,276
180,1843
154,2837
161,1564
168,520
18,3730
341,4649
363,4408
303,4128
48,2855
8,3951
476,2070
256,3787
101,2452
436,4886
288,2544
67,2316
201,3070
309,2078
268,2040
168,4842
309,1849
42,2488
362,1675
28,4539
264,2335
422,3712
257,3379
341,2784
234,4415
289,2099
316,3959
192,217
171,3541
171,1097
100,4829
468,1549
287,4426
89,2684
460,2139
86,3618
474,3434
400,1270
37,3204
396,1565
98,3857
184,1682
113,3428
51,1530
462,1101
462,872
191,1806
376,3020
216,816
340,3097
314,4091
319,2220
145,118
48,2400
339,657
306,2695
493,2787
309,2212
362,4024
467,2505
434,4543
106,1065
68,544
267,4137
322,1858
234,3731
36,1235
327,3922
388,3151
343,1917
188,2043
465,365
122,3409
411,3283
292,4086
27,368
53,1589
461,1643
159,4725
294,483
240,1186
298,1356
79,1992
63,3970
345,650
436,2000
102,2649
365,3517
380,119
227,3812
24,1009
349,2755
211,835
350,3919
198,2064
110,1197
493,3150
450,4271
494,2062
397,2395
423,1135
59,3568
148,4054
370,720
492,2403
337,314
106,2596
247,1589
445,4048
345,4864
150,4100
45,2357
2,1492
332,3582
273,3941
338,889
498,4059
281,89
2,674
377,3769
485,1582
409,4741
101,2373
290,323
232,89
230,3463
101,1326
288,1189
305,2819
126,4537
418,4157
434,2704
382,33
276,4747
268,1853
422,3525
439,2940
284,1834
110,1681
406,511
414,3112
304,500
168,3608
286,3829
23,746
459,1313
359,2129
166,1963
164,3085
436,1329
420,4997
28,2029
477,3316
277,2962
460,3349
66,3947
357,4419
225,1267
209,4935
367,3831
87,4945
211,285
56,3380
106,757
149,1393
408,2785
69,3090
136,2097
91,4835
122,4148
84,3893
77,4900
216,1568
66,2792
31,3737
235,2978
240,3322
114,473
475,4653
148,3504
208,108
175,2146
8,757
439,1209
270,2154
242,2092
61,3737
30,2172
33,1689
62,2390
482,2747
425,227
292,4838
405,2500
305,1330
121,2741
162,2742
150,1456
420,1051
122,1128
378,3794
159,2444
345,3617
469,943
324,2511
477,4739
124,3389
327,3977
34,4664
60,1418
166,4554
132,1294
204,4846
240,2288
491,1870
11,1233
417,1692
482,4265
345,4556
451,4952
186,2991
243,78
220,2804
234,524
345,1523
446,1575
324,2632
83,3509
48,253
187,3566
412,1469
124,4449
241,3802
79,1000
480,4313
129,363
132,597
273,3754
278,1883
276,3271
238,2979
319,4395
102,1657
298,3289
280,1929
492,2108
187,1472
190,2938
4,2519
379,1413
473,2997
77,28
297,2283
445,949
235,1139
409,4675
280,1821
189,4406
373,26
369,3290
100,4334
401,3508
346,3572
167,1126
220,723
180,1819
228,318
85,4699
136,729
180,543
240,2772
322,3107
499,4689
57,1375
497,3862
160,793
226,4042
360,2544
303,1781
426,4103
319,3940
216,92
18,565
73,272
102,973
416,4812
476,2877
223,2431
71,613
164,2790
182,1612
290,2606
448,3717
324,4176
202,2264
392,1607
223,4767
452,4361
402,568
436,1384
57,5000
139,3083
194,804
490,1620
44,2028
168,1569
121,3709
11,1622
394,340
36,632
366,507
72,2275
347,265
335,3143
434,907
451,322
112,2613
342,3304
180,3242
388,4174
338,4353
314,3730
18,4900
60,3325
41,3083
335,3264
378,4654
390,1739
483,3953
295,2670
11,2911
107,2619
193,1868
117,1092
368,4875
14,2162
494,1567
74,4657
158,1389
139,3325
464,907
440,55
412,4423
467,2144
362,2616
236,4426
103,1867
423,1808
90,3325
47,4675
279,2029
274,3671
360,705
184,4946
368,566
251,3953
165,466
41,2157
479,3551
116,3499
257,469
263,4421
58,4955
266,3672
187,1164
101,4093
111,2337
238,1395
126,888
415,4963
365,1170
389,1793
310,3220
94,1875
169,4678
105,3202
172,4912
499,3092
421,3438
199,2571
429,1047
264,485
415,3098
169,1645
370,3621
490,10
257,4912
333,63
286,4152
318,2384
277,2117
122,257
242,1113
37,415
374,1232
357,1588
71,1231
262,2748
401,3321
461,3631
490,4332
416,2168
376,3264
421,297
130,4026
290,2995
131,4628
305,351
204,3157
423,77
273,2762
428,421
181,3173
152,2243
279,4499
372,2512
303,4856
480,2045
234,592
272,4496
308,4153
258,4561
342,768
309,4563
390,21
147,34
331,609
269,1717
353,2354
196,2636
93,966
196,2407
58,2177
268,3707
359,4091
321,2816
13,2700
154,4625
152,3761
283,80
35,4933
28,1776
270,3753
26,2898
392,481
113,1591
59,2523
369,3237
448,1315
124,4867
169,1900
291,3583
8,2477
156,1143
236,4815
387,4459
270,3645
184,195
249,2539
276,4628
371,21
367,4746
238,1892
135,976
59,4630
300,1538
425,3933
16,2947
140,2488
47,45
236,4936
397,3807
268,2673
173,1847
424,3415
441,2830
200,3707
446,959
274,2424
482,387
260,4246
96,2832
430,722
125,4287
261,913
488,4110
378,2252
278,2314
111,4123
297,1775
127,1623
218,3202
388,3879
228,1675
468,3579
427,572
482,279
311,2612
92,4231
87,3887
271,3479
171,4295
138,2132
195,2437
95,3253
346,620
24,569
99,1911
42,3363
245,1211
40,2499
403,336
117,1965
50,743
480,4757
475,4413
67,158
75,2722
168,4899
147,1807
195,572
67,3541
253,513
375,3428
499,1737
160,4257
115,808
239,2335
237,3723
409,797
500,161
422,2951
317,1208
260,4838
394,408
404,1621
94,641
52,2859
272,3128
229,4249
163,4124
84,2848
500,4712
187,2037
462,4191
384,2551
21,284
313,4068
360,1699
337,4196
13,3547
144,2569
63,1449
472,3832
97,13
52,4966
470,4725
360,652
114,596
453,62
98,2049
394,2865
194,4497
218,2639
240,4384
336,4846
403,3853
67,1689
447,3896
416,2331
8,62
376,2969
28,3683
293,2934
211,3804
383,878
417,3909
398,3630
396,817
408,1874
211,771
421,352
278,1764
486,4911
448,189
174,3104
370,4965
174,889
219,137
69,1361
393,1687
407,1356
40,2057
30,3355
262,4910
423,3515
96,188
373,2940
440,2701
27,317
328,1477
405,3912
122,554
79,1941
497,2454
34,2693
376,2393
221,4505
331,2650
105,4559
117,1644
217,3568
205,67
325,361
46,717
175,1356
283,135
145,430
353,3348
485,1518
287,1008
43,153
497,2575
472,1993
117,3751
406,1373
115,3641
39,4060
223,205
75,78
111,3936
486,3059
71,2817
18,3479
9,3925
21,2996
191,3407
62,553
84,4513
244,2479
175,4860
411,441
474,726
117,3872
394,2194
307,1488
295,202
491,1080
85,2607
272,2699
110,1617
494,1085
113,3874
422,2414
5,3257
34,2009
471,549
44,2956
160,4299
418,1891
292,3701
5,2210
452,3424
240,3016
186,1733
480,261
151,3432
125,2248
139,1917
438,2479
489,724
448,2672
482,3717
282,3134
210,1568
242,1786
455,3062
474,1089
413,2836
148,1104
153,4188
407,1035
348,1623
451,2310
184,505
259,3537
8,1740
173,2036
116,1502
284,3301
481,3091
396,4710
170,4892
104,4538
135,3851
104,337
167,1854
341,3727
210,2978
380,4887
337,2036
144,2624
424,4893
240,2103
261,4377
302,4149
338,2382
274,4841
296,2385
299,1865
349,1228
247,3661
421,1333
476,1040
240,4439
350,4836
188,1805
162,4785
465,356
129,407
165,589
25,4258
374,4146
107,4031
470,3854
26,2645
349,1578
338,1685
68,1824
305,1279
52,1062
220,4847
330,2275
94,12
4,3502
54,879
314,15
374,66
417,702
351,348
311,949
359,2683
171,646
355,992
224,2229
93,726
66,2286
145,4565
210,3462
466,3159
397,1339
250,1814
219,3696
69,4920
23,374
246,2109
456,2885
17,71
349,544
245,3870
362,1237
123,726
126,2192
342,2985
313,69
435,3701
87,4452
201,767
177,2130
218,2131
438,2171
27,385
105,1473
67,952
490,1543
309,2700
55,568
22,2606
103,1548
48,1612
78,1720
61,90
88,4165
392,2590
500,137
443,3575
167,3640
379,3819
114,101
107,1145
348,39
251,2587
445,3355
23,1905
164,861
319,506
480,1363
244,2547
166,678
26,2095
461,2252
187,2952
70,152
500,1197
204,2367
257,1439
18,3897
23,2026
352,804
381,1505
31,3607
91,1672
208,1025
306,3546
108,3827
483,4936
20,974
1,4896
137,4528
379,4290
61,3486
307,509
9,3067
322,3527
494,4765
58,2663
205,1895
492,4877
154,4064
6,3146
467,4295
18,756
403,2324
246,620
160,3320
146,3422
244,3728
429,2956
393,1084
424,2612
90,3261
119,3962
21,3427
186,4955
110,4142
251,1903
254,3140
161,926
73,2799
107,3615
7,4431
244,1863
215,933
92,4475
385,3559
133,4247
171,2324
35,1460
162,2733
478,754
159,220
431,2628
49,348
313,3841
382,1460
450,1860
44,1172
92,166
121,3082
391,462
236,1342
224,2042
253,2743
258,872
100,700
143,1299
471,3316
232,2805
5,3580
192,1686
429,3090
219,3509
322,4950
365,3334
55,4340
449,295
263,1108
397,2091
140,4384
491,935
166,1175
403,822
444,594
60,1422
311,1004
223,3106
395,4381
234,4958
191,2107
165,886
306,4043
464,3434
264,3817
138,3678
169,2991
117,4558
160,1481
5,3822
483,2400
74,2875
82,3224
225,829
161,3517
161,3288
354,2111
8,3689
294,3817
364,2829
140,1364
250,3747
446,424
309,3802
130,4096
405,2049
393,2749
224,3694
320,3173
399,1480
213,3047
347,3276
37,2821
449,2994
411,1719
447,1938
424,4169
2,504
84,2529
354,4339
213,3168
220,1895
175,4862
489,3746
348,4295
241,1954
471,2645
292,199
490,443
73,1323
360,4763
12,3299
184,4574
177,1380
120,2832
108,1546
376,4744
412,4172
121,1485
355,1423
327,1324
173,857
350,261
181,223
485,1883
280,202
51,113
42,1084
45,2779
67,323
146,3356
194,1855
106,3957
307,1732
410,4597
200,2838
424,2317
135,228
45,1503
213,3531
198,3667
89,4663
211,3606
192,3364
419,2323
190,2500
245,221
410,2503
24,2733
203,749
409,1083
1,2978
211,344
290,4838
433,1211
352,54
472,2371
434,4065
167,3950
76,4091
147,1756
281,4725
100,1681
301,3657
473,4666
278,1687
460,1206
491,4720
448,1869
62,2328
411,4202
496,4246
9,4424
273,1464
369,1926
384,514
150,4548
205,1037
380,3024
429,2916
102,306
143,4508
341,2803
299,3035
137,4959
111,3738
46,1579
309,232
388,1279
469,184
121,935
90,3571
50,4667
403,3802
7,3802
483,3502
199,3743
433,1695
54,3096
200,4611
162,1875
318,4374
203,186
405,586
300,3273
3,4447
156,3228
340,1359
171,3802
434,4670
448,4568
338,532
373,4165
489,3559
138,592
150,3864
180,3972
400,3975
233,2815
352,2766
107,4396
73,1136
413,1470
487,187
232,3115
87,4683
271,2289
278,1016
400,4914
374,1249
351,3746
282,3875
423,1370
371,3166
426,887
481,4987
491,3231
136,788
84,2584
210,3477
325,1478
239,4178
307,2592
118,1673
119,2312
409,1822
170,1311
102,4294
348,1088
143,1851
79,2361
163,1537
120,2887
488,1068
329,28
427,2549
252,2962
471,3760
252,2144
126,1510
354,1145
109,3529
479,2308
28,2143
205,3762
284,4055
296,3126
22,1803
292,1435
159,4289
286,3835
28,1096
341,1556
129,1148
213,324
127,809
481,812
434,966
78,4071
322,2482
244,4777
239,232
445,337
400,3075
121,3660
360,1919
162,1446
485,3119
337,2201
350,450
496,3951
251,4120
198,4782
394,1688
289,4375
84,2960
435,4200
125,3486
13,2262
273,1169
235,2863
399,985
344,1049
478,2032
494,2565
323,4373
97,4326
363,510
365,3094
143,12
29,1159
476,158
295,4018
159,2208
167,4018
231,1293
246,2850
296,227
121,2855
458,1686
124,4321
291,1051
163,4249
170,761
130,3843
450,1044
185,1527
11,179
167,4139
432,1404
163,3202
77,3162
13,3672
323,2171
9,4721
262,4901
248,4966
191,2217
8,4496
379,4668
138,3559
200,7
126,2007
461,765
459,4139
15,190
435,1301
251,2160
24,949
330,238
8,2402
87,3449
450,1286
25,4557
288,995
179,4206
38,66
186,193
184,4321
342,477
82,72
388,3562
166,480
69,547
210,4458
125,4091
300,4617
167,72
301,1055
96,1589
431,4282
336,2998
298,2706
64,4525
444,3992
375,4158
344,2593
159,2813
302,381
462,370
202,3412
482,1251
296,832
203,4576
225,4335
239,32
457,3409
352,1895
454,896
163,2410
388,4972
271,3404
149,260
407,4985
171,4220
66,4692
7,3065
280,2177
125,3057
273,969
452,3186
407,1723
384,2234
430,4861
297,2760
278,266
388,663
312,1836
178,2021
358,3120
105,4926
332,3885
444,4126
433,4233
61,4590
122,3028
454,320
469,2843
398,4360
422,553
396,1547
324,4182
497,4339
213,4580
339,518
65,3433
15,3841
54,1554
345,40
441,1734
492,2948
313,4703
421,4465
63,4757
321,2312
25,4007
461,336
230,3887
440,3431
273,285
400,4298
66,2961
417,3713
427,4135
100,1791
466,3834
321,2204
226,1378
121,3836
138,3251
403,4717
157,3264
315,174
323,4199
461,228
166,4481
262,4714
442,3598
500,2556
42,1678
164,4556
85,2048
386,3208
28,3500
112,2151
236,4432
83,1450
15,3
89,2921
290,4143
457,873
94,821
180,107
480,1796
127,2395
182,116
178,4612
233,2333
274,873
112,4258
246,3026
98,1879
225,1691
257,4087
171,637
28,588
16,1288
439,1391
44,2518
427,1236
291,180
464,4538
63,1979
493,809
190,4972
489,1333
365,1297
24,1004
182,4559
414,3670
338,2857
441,3507
284,1574
413,3445
287,825
197,4049
431,1772
358,2462
473,3166
77,4398
115,1243
242,2516
428,1703
274,1007
174,1069
43,2535
253,2116
41,1708
404,2285
347,997
297,3391
366,1010
400,2580
340,3697
57,2591
297,1297
288,4446
433,2060
149,4516
362,3577
129,2063
260,3300
220,4167
488,3164
488,949
159,3928
494,205
344,446
132,3007
63,1187
218,41
75,258
462,667
104,2945
314,2489
61,94
243,1791
475,1131
165,2366
263,723
13,2009
139,2902
309,2825
276,4863
312,3059
317,1188
131,1735
260,2374
265,4704
198,3482
96,4932
218,2377
211,3421
226,2009
83,4175
331,4011
480,3811
397,3813
464,834
407,4006
474,1027
140,3662
415,1615
254,2192
98,4833
254,3360
69,3314
427,2793
432,104
296,1263
172,3671
98,2739
299,2729
275,2143
373,2678
443,4171
137,452
99,2146
150,162
310,2329
43,4200
392,2139
182,3083
53,229
56,4664
419,286
231,4665
336,4718
169,1343
425,1269
57,873
425,3255
31,3853
402,2039
448,4141
411,4259
488,4708
146,1332
481,3500
324,1338
363,4713
143,2229
160,183
452,3738
37,3496
54,925
238,4718
357,2683
95,2683
497,4649
499,817
428,348
302,1175
197,3862
472,1852
149,704
384,3725
335,2520
13,291
216,879
364,3746
71,2447
217,2501
191,3266
464,163
156,1767
252,1704
338,1515
162,2979
264,546
196,2334
332,946
175,3443
108,235
125,3851
8,68
285,834
393,2619
166,1408
200,2453
164,2530
242,4557
51,3003
268,1540
233,4737
1,3182
200,4560
45,3454
193,1137
103,2641
79,2055
77,3406
292,3102
168,1309
166,2697
340,2584
250,3859
456,2944
275,2869
189,3583
201,2691
113,2807
230,3392
280,998
391,1997
296,2928
320,1070
328,2880
309,423
188,362
336,3000
456,850
189,3475
142,3400
407,2651
481,614
334,3570
90,2715
112,488
19,4461
279,1419
110,3825
43,2603
34,3049
277,326
217,1709
225,3290
376,1473
479,4338
214,391
126,2493
453,673
129,4225
244,270
151,4243
366,1199
137,2359
403,4464
329,4286
45,2541
157,796
301,2238
287,4518
468,1183
380,545
416,4928
161,1669
95,3301
155,3352
143,4015
198,4705
399,3712
239,47
402,3717
381,4826
202,394
105,4928
196,3060
337,2016
438,4579
463,1374
19,394
112,622
237,1785
4,3011
444,4478
43,1919
210,2850
96,1028
420,3074
401,846
196,4120
283,4008
216,571
68,4608
102,3438
274,4713
267,1556
5,1519
10,1634
488,4413
221,4298
302,988
472,3651
291,3310
79,458
289,2
201,4356
189,3033
118,4550
82,2678
176,1559
365,4427
348,582
387,3957
375,456
273,408
371,1734
194,2101
56,2396
262,4945
217,1038
493,3831
457,4137
159,279
303,1455
10,1876
242,3431
194,2451
4,4542
207,2161
124,177
277,3388
215,295
354,2854
349,2510
192,2563
338,4832
178,2628
441,1052
112,4260
21,466
356,2634
158,2915
354,3793
77,775
216,2102
50,4550
416,2392
462,4494
439,2561
251,1278
492,4373
321,3737
175,2222
455,4720
87,2109
16,3855
310,3578
490,4448
266,2754
467,2744
35,4807
279,1232
444,2760
10,4225
493,932
171,2867
405,2805
248,835
62,1648
198,1014
139,1831
376,3501
64,3643
272,2626
374,193
269,665
483,4795
27,1546
367,419
170,3517
201,652
304,3517
130,183
378,2005
123,3176
384,3217
410,4172
374,314
303,4046
279,3460
318,4849
62,722
480,1235
395,4803
207,551
64,2488
79,3291
198,1256
316,494
357,1249
436,3528
431,3184
97,1847
408,1480
179,4397
220,4398
265,1431
101,2491
493,1066
240,2835
491,2417
212,4988
114,4416
396,1362
366,4637
94,4703
37,4169
161,3710
383,376
379,900
21,3178
13,4226
464,715
113,1949
481,2079
226,1072
4,4931
60,3254
359,4570
22,4719
161,1845
205,3874
461,1319
478,734
18,2964
73,685
171,1257
498,1386
30,2035
401,3934
35,2150
248,3426
484,1488
62,38
308,1262
120,4180
180,2245
445,3711
144,336
183,3711
460,84
257,3431
331,2148
341,2836
494,1617
191,3831
84,2951
65,2672
160,51
343,4868
496,680
45,4945
401,3826
218,2621
433,331
235,1807
205,1901
418,2194
344,4194
196,4067
251,1788
144,1625
82,518
393,2366
419,3321
150,2379
322,3654
318,4178
306,2855
77,3032
22,3096
159,1381
37,2438
374,1040
424,403
451,506
413,2200
346,978
468,675
198,2800
31,3855
227,1286
276,919
123,4612
76,4500
213,570
419,2624
245,2508
399,2157
15,3214
424,1921
52,2049
46,3961
472,3840
322,3078
205,4479
91,2162
478,1110
51,4978
99,2511
235,3338
467,2678
92,1340
443,106
429,2157
71,4435
374,6
222,4567
227,2696
390,2165
204,2978
357,3974
400,409
176,930
266,823
37,3740
228,302
374,4557
352,2583
436,1005
477,777
408,943
160,3810
72,957
137,2106
39,4752
455,2681
393,3789
369,3166
327,954
479,4206
116,4154
352,2704
193,3354
329,771
468,2098
41,3751
32,4160
285,2125
68,4342
362,2345
140,1249
23,2650
355,1174
477,4052
344,4920
67,4154
191,2234
454,3102
500,3218
304,1357
56,3995
489,4557
152,1488
487,2232
247,1762
166,605
207,4578
296,4098
67,4275
12,4339
265,4519
192,1008
281,4463
384,3164
430,4034
356,2836
275,3931
135,1376
362,4573
300,3695
482,2652
105,2702
112,1429
260,2310
344,2718
306,4412
428,1894
200,724
73,1437
470,2305
284,1886
29,842
285,4474
1,2729
1,4715
7,4466
86,4530
149,4815
478,3593
218,219
154,4930
154,729
37,4116
18,1851
412,1024
331,2082
88,375
262,33
310,2962
158,3588
79,326
457,3884
468,3521
246,4640
287,4641
392,1954
189,1854
161,4007
419,2316
286,2955
162,2431
129,39
233,2311
486,4477
300,4058
42,3534
193,4898
186,1741
17,4938
17,737
5,3615
225,1669
316,1033
467,3417
333,3188
66,858
61,2500
487,622
289,2327
178,2496
66,2026
202,638
429,3835
269,2385
81,348
382,3494
36,3086
399,2909
187,3484
3,2909
321,1269
42,4823
345,394
472,1667
454,2552
500,4654
82,2680
357,633
135,1752
446,3600
329,2786
334,2901
217,4302
378,4893
194,117
434,1267
291,3433
143,4501
375,3841
93,708
320,1690
122,1180
5,366
371,2904
30,4560
355,2142
167,4077
425,171
48,2399
215,3330
488,456
20,2337
419,4786
211,1639
269,3795
198,3097
22,2117
304,1049
309,1393
8,4
472,2848
362,2976
324,4670
320,2979
177,944
194,359
417,1865
464,1388
435,421
44,536
202,1122
288,933
267,4257
463,934
74,1647
3,3164
87,4555
204,3154
417,4201
365,3745
243,2587
248,4917
413,2510
179,882
318,3441
188,1345
470,2226
9,1639
62,2697
84,2456
449,1645
187,1645
450,4499
37,2869
137,4039
200,1584
293,85
196,4848
449,598
366,4276
207,4862
300,1643
100,4507
322,3159
148,1020
227,1838
182,375
319,2824
379,2875
69,3881
253,255
368,242
258,4571
17,3691
26,1030
158,1186
388,1648
219,4054
133,375
2,4056
243,4936
318,3804
91,4579
304,3640
75,2356
302,4762
295,373
362,1366
219,2778
310,2896
153,3178
462,1718
461,4462
238,3407
133,3879
195,2542
446,2124
418,2062
24,2660
454,2473
399,3769
338,4513
28,3304
150,4233
266,1146
283,561
326,1951
119,3836
76,985
43,2794
132,4300
433,1259
178,2201
202,2558
16,2139
441,854
270,3187
86,2612
430,961
142,3941
295,4937
116,4706
245,161
174,3893
411,1096
160,53
195,3723
243,3205
246,2722
46,3600
282,2150
297,967
204,4711
100,4065
28,4485
401,4996
96,2145
268,3383
192,392
82,2735
426,330
259,3600
238,2723
9,1439
33,3782
394,4956
184,1965
303,1162
335,1114
357,1627
410,4900
475,3834
277,3324
5,2636
297,2256
321,4828
146,397
421,2322
491,3024
286,4312
389,4999
124,3496
227,4671
361,4900
175,51
378,639
340,2333
405,4943
164,3568
403,1864
377,2629
46,4781
276,3257
68,3042
255,2905
54,700
229,3670
193,1007
494,935
401,1976
471,3432
201,3608
230,4309
273,707
390,2046
130,2910
204,2859
135,2988
439,1679
198,3273
77,2229
62,4846
454,1923
22,3461
175,2508
247,1630
68,4102
73,16
293,2234
243,2642
242,4669
490,2290
173,2583
140,2406
83,3858
292,1228
478,4387
316,1356
390,4274
257,4159
80,3294
160,779
113,2690
144,2003
37,3863
105,1294
244,4570
159,1759
353,4513
234,3101
148,846
8,543
369,2471
352,2827
133,1477
83,1885
420,487
311,1483
70,3343
171,951
145,3931
100,2468
408,2355
247,946
11,669
267,2581
21,1128
463,1473
174,3585
217,774
46,2124
285,4355
185,3185
477,2310
208,2122
210,4706
203,1778
182,2887
323,3829
235,3945
357,3413
93,105
461,3241
256,1560
436,4874
424,3359
202,277
422,546
131,1794
7,4239
485,831
227,2256
499,500
53,4355
13,3236
481,1089
56,2374
42,4462
317,4401
377,4415
45,1727
224,1958
93,226
204,1491
106,690
367,731
317,1139
69,3252
303,1204
399,683
192,1373
460,4571
443,2941
152,1974
286,4943
107,511
413,2015
368,2538
356,1215
361,1330
424,3830
385,226
326,1080
114,4836
403,4710
401,1897
461,450
53,4597
478,4066
359,2654
161,4130
121,796
281,4949
200,3075
335,1
44,283
269,401
246,2669
168,2978
190,4952
201,2374
292,3953
435,60
149,1918
451,1502
81,2457
122,2458
409,4474
13,3491
319,3497
4,4425
173,3214
319,1053
293,1818
117,3319
416,2383
15,3271
221,1161
245,3733
319,235
465,1521
258,4426
221,343
402,3158
472,1911
138,4775
171,522
69,2689
74,2804
191,2157
406,3277
421,404
357,2863
314,2227
298,1465
317,1515
420,2165
31,3107
399,1288
488,4780
11,3623
197,3813
302,1126
30,1421
413,176
65,890
259,3910
405,3964
424,1991
342,4847
111,484
59,4495
126,3236
189,3521
156,3344
83,4034
446,3857
231,3932
319,369
119,1247
29,307
230,297
218,3175
472,2045
291,3690
265,4684
246,12
58,190
235,1543
190,2066
57,4920
52,2361
86,3406
494,1245
332,429
146,1996
102,3121
329,4332
224,2589
366,2413
218,4235
400,1997
338,1119
133,1653
451,2228
304,4918
373,4523
297,3747
383,1535
78,2885
186,1664
62,2123
83,785
151,3363
405,18
9,18
255,1242
126,2552
246,1422
279,4982
325,2654
447,2351
240,2021
61,2544
40,3653
410,4418
463,3527
131,802
375,3643
41,91
361,3479
244,679
60,4305
237,3709
263,958
457,3712
56,3368
472,2529
116,3648
296,4518
463,2480
325,789
392,3997
163,4928
244,1618
213,90
422,1890
377,4362
261,4416
306,1449
264,1452
389,666
293,2678
268,110
223,633
176,4759
448,980
133,1908
91,3897
459,2832
454,2488
175,858
226,3533
355,1957
434,4236
317,1436
267,1844
169,2504
255,329
237,3133
306,523
438,2665
197,3505
164,3557
312,4246
456,4897
160,4606
203,1041
487,571
158,3779
380,1906
10,646
323,1106
130,3717
441,1098
214,1873
415,4078
181,1696
24,3964
41,1393
454,3777
263,45
309,4591
356,2451
254,2440
385,3677
27,3215
328,174
105,2317
193,4150
126,713
497,3595
84,3197
330,220
359,3890
233,287
439,4822
250,456
353,1106
418,1501
82,1811
353,2045
445,3031
211,2864
302,2228
434,4599
2,475
229,3672
427,1176
129,1748
108,1167
276,2441
433,2684
341,3324
324,1694
160,2754
411,1353
230,3264
233,2515
262,1984
382,4035
368,2151
437,1756
110,1361
409,2448
256,1186
171,2805
372,4781
482,4387
439,1573
246,4376
342,1869
276,3501
285,840
407,2523
209,64
159,472
66,2230
329,1112
275,1815
5,1954
216,2403
171,940
460,2800
262,1058
47,3119
406,3466
77,2473
316,4741
376,3560
493,4145
28,4274
284,1756
79,4505
160,4164
222,2827
249,486
243,2886
191,2467
48,1893
363,773
260,1254
425,833
402,1603
216,2416
455,2698
381,2483
449,3112
184,1417
170,3697
25,606
107,2365
356,3069
478,2766
304,2650
18,566
389,2465
12,4693
181,1267
12,2478
339,621
451,1128
22,4886
158,2303
366,266
314,4994
233,905
470,2309
478,4873
142,4924
268,862
26,2497
229,907
428,2019
99,1026
11,2899
370,3475
351,3233
337,1083
454,4637
461,1378
323,3134
464,895
498,3660
157,1152
310,4363
294,3601
60,3434
32,3601
20,4301
452,2497
135,4776
236,3367
107,4714
191,3890
275,97
454,328
347,1434
82,685
452,3665
32,2325
445,508
49,2494
24,1912
371,1498
498,2734
345,277
485,4229
160,2446
189,2918
120,1098
376,3010
218,1404
73,986
475,4709
318,4237
208,393
471,803
254,2266
203,3203
65,758
108,4134
378,1743
226,3601
398,4839
324,2675
481,178
420,168
461,4895
460,2721
35,3740
9,570
274,4022
40,3855
3,1
156,997
28,1751
375,3027
19,3917
239,1934
461,2801
473,4087
290,4380
39,597
383,3147
223,3158
335,1413
455,283
326,4828
133,3
477,1762
301,1802
210,186
93,2819
454,2798
199,3969
244,1002
22,2350
261,417
423,1233
49,763
145,2686
245,1641
90,2521
275,1520
259,2973
342,3910
299,1059
225,881
130,4256
276,3556
281,2173
52,2350
40,3050
47,3992
370,2925
193,3292
277,4683
102,1713
471,3502
450,181
92,473
212,4968
307,132
140,1187
117,1469
349,4973
261,4860
278,2060
61,2291
294,4219
55,3708
15,374
151,1955
80,3472
303,777
416,4855
142,3569
185,1953
152,1776
138,3864
3,1424
68,4522
26,95
332,1370
373,1371
22,2605
276,1704
391,1950
358,1773
160,4232
347,3341
87,721
1,4653
99,1778
388,1652
238,4337
336,1196
482,4697
158,4573
476,2933
176,2641
350,313
97,2082
382,2480
355,3811
54,4637
379,1953
60,3368
244,1499
89,4594
42,4519
119,1733
325,1838
25,2071
166,1027
357,329
141,4646
187,3301
354,3478
445,3825
459,1545
204,501
171,95
372,85
148,4770
253,4823
48,3371
227,1387
356,1272
421,206
243,3317
482,2845
339,3025
287,4821
211,3779
225,1499
171,4646
122,3441
46,2436
261,2324
374,2201
300,37
164,2391
88,1615
360,4023
110,879
249,2206
51,1467
80,936
324,1333
303,4657
7,1626
485,2190
8,2036
238,4713
71,2321
491,692
146,3663
220,1626
163,3078
285,3970
125,571
369,3146
180,3661
254,1624
486,4899
119,941
161,4550
15,66
6,246
229,2735
363,4950
243,2404
432,2340
296,1513
359,3784
271,931
343,3022
496,1278
109,2855
274,936
138,1341
114,2933
17,1280
122,4743
43,2235
5,3929
96,1344
206,3919
187,3677
49,1986
264,891
248,654
36,246
46,934
435,480
211,1001
290,1294
171,4083
429,4378
343,928
353,3336
45,3220
497,4778
194,2754
261,1761
235,2526
481,1764
104,1814
61,3164
231,2821
262,2925
413,4555
91,303
10,1132
242,2687
137,3159
426,3033
271,1173
192,880
54,3161
446,3914
379,2692
386,3634
41,3865
15,4630
63,4149
240,2762
59,472
112,3745
279,246
335,555
71,711
401,4787
262,1999
136,3055
179,244
148,4112
146,4268
220,4217
282,894
34,829
299,80
474,835
472,2223
298,609
43,1551
210,2482
442,1822
383,424
214,2601
86,3584
318,2695
204,1361
68,4469
30,1962
207,4813
59,2700
331,907
246,4741
471,429
111,4287
49,3409
87,1715
240,1957
71,953
83,4225
83,24
205,1707
110,4062
98,4762
225,4803
96,1949
435,4118
340,848
135,3597
374,1664
28,3242
468,3514
376,3696
85,2958
188,1659
300,668
281,2604
267,491
196,4223
160,2085
462,1898
269,2486
4,791
260,4652
43,1914
41,3302
399,795
34,4346
397,4923
419,4416
405,2532
138,4403
336,2432
162,4531
380,1721
137,4703
352,4591
271,2717
32,4421
340,3076
300,4172
42,1433
329,2658
157,1154
180,2306
369,4945
178,1213
18,3964
124,4360
451,325
179,2606
55,4260
308,3888
267,1672
334,679
62,2435
5,3621
177,695
328,4540
266,1447
405,2774
400,4416
367,2253
264,583
302,875
224,4419
322,790
389,1783
363,333
122,3388
454,2666
361,3899
373,755
132,4601
326,3420
320,636
75,3020
350,744
197,1468
57,3380
298,59
287,3842
488,3832
32,2798
173,2508
104,2674
54,867
434,105
487,4132
29,2500
184,2145
208,4717
325,1101
215,1458
134,4539
8,1165
450,2035
228,1168
205,4419
416,172
426,2846
352,645
408,991
310,4620
98,2226
282,4787
385,3976
400,2793
326,4830
214,3340
463,4310
401,3432
64,363
363,2911
341,937
497,1679
245,3858
429,2218
418,3786
471,1168
271,2046
364,4977
6,314
190,889
127,2526
435,2642
471,121
173,4857
52,4567
162,2224
76,494
201,1923
139,4980
232,1007
105,4844
64,4577
160,3053
380,2339
60,900
275,2811
373,1131
457,2522
217,2806
277,605
289,1662
176,3448
99,1538
424,1069
256,4868
214,4642
88,2288
21,1066
272,419
428,895
75,3517
322,1408
107,1483
265,4580
116,4457
145,2943
348,1545
52,4701
105,1595
208,3228
406,2718
304,721
192,4452
397,1703
273,3357
216,2594
178,4288
40,2597
331,3069
217,4216
26,4648
64,4940
437,1250
93,3426
315,92
58,4637
459,3520
159,1013
288,1652
408,1488
475,1249
447,3402
256,3834
226,3403
183,4524
45,618
406,4007
144,4532
75,2712
37,2191
349,2197
309,3293
127,4070
256,3955
278,3714
99,4237
161,685
441,968
38,3998
136,2318
351,28
296,92
182,973
471,847
89,4946
376,2007
371,3649
245,2490
324,1322
272,903
57,2964
345,3367
470,1790
45,2846
359,498
379,1379
318,1140
440,4772
429,2139
352,229
133,1094
315,4777
476,3419
211,1687
388,3306
106,2159
446,4708
162,2734
45,4135
427,4200
124,2213
416,2321
335,4611
216,984
171,1736
467,2552
486,579
377,3561
385,3910
290,4316
481,3618
178,3617
233,1338
453,1341
334,2144
365,3443
334,4130
26,1762
84,3201
485,98
190,4085
178,4785
314,2165
314,4151
300,2267
95,2801
418,1734
225,1864
228,3559
83,2683
119,125
303,2686
298,2342
43,3284
404,1277
409,3607
282,3566
39,3808
481,4907
269,3038
295,2044
341,4375
205,1104
282,4963
459,4367
270,3448
476,3782
220,3856
161,2458
204,3094
104,3910
68,4216
11,1467
314,3225
352,1531
205,2272
191,4552
344,2579
490,418
89,2060
75,2162
243,1709
12,3274
370,2753
256,1419
353,305
36,4799
418,700
12,12
466,4383
55,2597
139,3988
20,3808
63,997
233,2869
209,297
422,1573
135,82
374,2579
314,2299
453,657
129,4209
67,3331
202,1304
461,1006
387,74
230,4557
361,839
378,3223
402,1594
436,4625
364,1073
293,2590
382,3342
153,4273
411,1599
182,4745
132,952
135,2189
293,1314
234,182
420,372
127,3991
208,718
364,3180
319,1717
207,493
427,4926
136,4225
389,4442
296,13
164,1843
382,3234
153,4394
492,3860
273,2244
316,4866
452,260
450,1419
62,3000
43,735
60,4351
41,1894
15,2659
371,4509
116,3236
324,4168
77,4705
20,1956
341,550
382,4523
172,3252
101,4769
463,4633
57,1959
248,1261
339,4826
148,3309
299,3707
115,3886
139,4243
254,2015
179,609
354,2596
